"Epic","Feature","Story","FAILED","BROKEN","PASSED","SKIPPED","UNKNOWN"
"Критические дымовые тесты - Документы - Открытие, проведение, запись","","Запись элемента документа ""Порча товаров"" (ПорчаТоваров)","1","0","0","0","0"
"Критические дымовые тесты - Документы - Открытие, проведение, запись","","Запись элемента документа ""Перемещение товаров"" (ПеремещениеТоваров)","1","0","0","0","0"
"Критические дымовые тесты - Документы - Открытие, проведение, запись","","Запись элемента документа ""Расходный ордер на товары"" (РасходныйОрдерНаТовары)","1","0","0","0","0"
"Казуальные дымовые тесты - Справочники - Запись","","Запись элемента справочника ""Варианты отчетов (БИТ)"" (бит_ВариантыОтчетов)","0","0","1","0","0"
"Казуальные дымовые тесты - Справочники - Запись","","Запись элемента справочника ""Сообщения (Контур.EDI)"" (КонтурEDI_Сообщения)","0","0","1","0","0"
"Казуальные дымовые тесты - Справочники - Запись","","Запись элемента справочника ""Розничная классификация"" (РозничнаяКлассификация)","0","0","1","0","0"
"Казуальные дымовые тесты - Документы - Открытие, проведение, запись","","Запись элемента документа ""Передача товаров между организациями"" (ПередачаТоваровМеждуОрганизациями)","1","0","0","0","0"
"Казуальные дымовые тесты - Документы - Открытие, проведение, запись","","Запись элемента документа ""Заказ запчастей"" (ЗаказЗапчастей)","0","0","1","0","0"
"Создание Заказа клиента и сборки","","выключение уведомлений","0","0","1","0","0"
"Критические дымовые тесты - Документы - Открытие, проведение, запись","","Запись элемента документа ""Заказ поставщику"" (ЗаказПоставщику)","0","0","1","0","0"
"Казуальные дымовые тесты - Справочники - Запись","","Запись элемента справочника ""Наборы упаковок"" (НаборыУпаковок)","0","0","1","0","0"
"Казуальные дымовые тесты - Документы - Открытие, проведение, запись","","Запись элемента документа ""Расход по коробкам"" (РасходПоКоробкам)","1","0","0","0","0"
"Критические дымовые тесты - Документы - Открытие, проведение, запись","","Запись элемента документа ""Складское перемещение товаров"" (ТСД_ПеремещениеТоваров)","0","0","1","0","0"
"Критические дымовые тесты - Документы - Открытие, проведение, запись","","Запись элемента документа ""Сборка товаров"" (СборкаТоваров)","1","0","0","0","0"
"Казуальные дымовые тесты - Документы - Открытие, проведение, запись","","Запись элемента документа ""Форма ввода бюджета"" (бит_ФормаВводаБюджета)","0","0","1","0","0"
"Казуальные дымовые тесты - Документы - Открытие, проведение, запись","","Запись элемента документа ""Расчет курсовых разниц"" (РасчетКурсовыхРазниц)","1","0","0","0","0"
"Казуальные дымовые тесты - Справочники - Запись","","Запись элемента справочника ""Складские помещения"" (СкладскиеПомещения)","0","0","1","0","0"
"Критические дымовые тесты - Документы - Открытие, проведение, запись","","Запись элемента документа ""Возврат товаров от клиента"" (ВозвратТоваровОтКлиента)","1","0","0","0","0"
"Критические дымовые тесты - Документы - Открытие, проведение, запись","","Запись элемента документа ""Транспортная накладная"" (ТранспортнаяНакладная)","0","0","1","0","0"
"Казуальные дымовые тесты - Справочники - Запись","","Запись элемента справочника ""Подключаемое оборудование"" (ПодключаемоеОборудование)","0","0","1","0","0"
"Казуальные дымовые тесты - Справочники - Запись","","Запись элемента справочника ""Маркетинговые мероприятия"" (МаркетинговыеМероприятия)","0","0","1","0","0"
"Казуальные дымовые тесты - Справочники - Запись","","Запись элемента группы справочника ""Виды контактной информации"" (ВидыКонтактнойИнформации)","0","0","1","0","0"
"Казуальные дымовые тесты - Документы - Открытие, проведение, запись","","Запись элемента документа ""Отчет по комиссии между организациями"" (ОтчетПоКомиссииМеждуОрганизациями)","1","0","0","0","0"
"Казуальные дымовые тесты - Документы - Открытие, проведение, запись","","Запись элемента документа ""Установка лимитов по картам сотрудников"" (УстановкаЛимитовПоКартамСотрудников)","0","0","1","0","0"
"Критические дымовые тесты - Документы - Открытие, проведение, запись","","Запись элемента документа ""Отчет о розничных возвратах"" (ОтчетОРозничныхВозвратах)","1","0","0","0","0"
"Казуальные дымовые тесты - Справочники - Запись","","Запись элемента группы справочника ""Настройки загрузки номенклатуры"" (НастройкиЗагрузкиНоменклатуры)","0","0","1","0","0"
"Казуальные дымовые тесты - Документы - Открытие, проведение, запись","","Запись элемента документа ""Отражение прочих доходов и расходов"" (ПрочиеДоходыРасходы)","1","0","0","0","0"
"Казуальные дымовые тесты - Справочники - Запись","","Запись элемента справочника ""Справочник БИК"" (КлассификаторБанков)","0","0","1","0","0"
"Казуальные дымовые тесты - Справочники - Запись","","Запись элемента группы справочника ""Сегменты номенклатуры"" (СегментыНоменклатуры)","0","0","1","0","0"
"Казуальные дымовые тесты - Документы - Открытие, проведение, запись","","Запись элемента документа ""Расчет себестоимости товаров"" (РасчетСебестоимостиТоваров)","0","0","1","0","0"
"Критические дымовые тесты - Документы - Открытие, проведение, запись","","Запись элемента документа ""Прием возвратов с ТСД"" (ТСД_ВозвратТоваров)","1","0","0","0","0"
"Казуальные дымовые тесты - Документы - Открытие, проведение, запись","","Запись элемента документа ""Отчет комитенту о продажах"" (ОтчетКомитенту)","1","0","0","0","0"
"Критические дымовые тесты - Справочники - Запись","","Запись элемента справочника ""Виды запасов"" (ВидыЗапасов)","0","0","1","0","0"
"Казуальные дымовые тесты - Документы - Открытие, проведение, запись","","Запись элемента документа ""Отключение контроля себестоимости по номенклатуре"" (ОтключениеКонтроляМинимальнойСебестоимости)","0","0","1","0","0"
"Создание Заказа клиента и сборки","","Проверка печатной формы заказа на сборку","0","0","1","0","0"
"Казуальные дымовые тесты - Справочники - Запись","","Запись элемента справочника ""Источники данных сводных таблиц"" (ИсточникиДанныхСводныхТаблиц)","0","0","1","0","0"
"Казуальные дымовые тесты - Документы - Открытие, проведение, запись","","Запись элемента документа ""Корректировка регистров"" (КорректировкаРегистров)","1","0","0","0","0"
"Казуальные дымовые тесты - Документы - Открытие, проведение, запись","","Запись элемента документа ""Установка соответствия по менеджерам партнера"" (УстановкаСоответствияПоМенеджерамПартнера)","1","0","0","0","0"
"Заказ клиента на 10 позиций","","Закрываем клиент тестирования","0","0","1","0","0"
"Казуальные дымовые тесты - Документы - Открытие, проведение, запись","","Запись элемента документа ""Отчет комиссионера о списании"" (ОтчетКомиссионераОСписании)","1","0","0","0","0"
"Казуальные дымовые тесты - Документы - Открытие, проведение, запись","","Запись элемента документа ""Корректировка реализации"" (КорректировкаРеализации)","1","0","0","0","0"
"Казуальные дымовые тесты - Справочники - Запись","","Запись элемента справочника ""Пользовательские настройки отчетов"" (ПользовательскиеНастройкиОтчетов)","0","0","1","0","0"
"Казуальные дымовые тесты - Документы - Открытие, проведение, запись","","Запись элемента документа ""Возврат в оборот ИС МП"" (ВозвратВОборотИСМП)","0","0","1","0","0"
"Казуальные дымовые тесты - Документы - Открытие, проведение, запись","","Запись элемента документа ""Пересчет товаров"" (ПересчетТоваров)","1","0","0","0","0"
"Критические дымовые тесты - Справочники - Запись","","Запись элемента справочника ""Объекты расчетов"" (ОбъектыРасчетов)","1","0","0","0","0"
"Казуальные дымовые тесты - Справочники - Запись","","Запись элемента справочника ""Настройки событий рассылок"" (НастройкиСобытийРассылок)","0","0","1","0","0"
"Казуальные дымовые тесты - Справочники - Запись","","Запись элемента справочника ""Дополнительные значения аналитик и субконто"" (бит_ДополнительныеЗначенияАналитик)","0","0","1","0","0"
"Казуальные дымовые тесты - Справочники - Запись","","Запись элемента справочника ""Физические лица"" (ФизическиеЛица)","0","0","1","0","0"
"Казуальные дымовые тесты - Справочники - Запись","","Запись элемента справочника ""Виды цен поставщиков"" (ВидыЦенПоставщиков)","0","0","1","0","0"
"Критические дымовые тесты - Документы - Открытие, проведение, запись","","Запись элемента документа ""Прием товаров"" (ТСД_ПриемТоваров)","1","0","0","0","0"
"Казуальные дымовые тесты - Справочники - Запись","","Запись элемента справочника ""Сайты"" (Сайты)","0","0","1","0","0"
"Заявка на расход ДС","","Формирование заявки на расход ДС","0","0","1","0","0"
"Казуальные дымовые тесты - Документы - Открытие, проведение, запись","","Запись элемента документа ""Исходящий электронный документ"" (ЭлектронныйДокументИсходящийЭДО)","1","0","0","0","0"
"Казуальные дымовые тесты - Справочники - Запись","","Запись элемента справочника ""ТН ВЭД"" (КлассификаторТНВЭД)","0","0","1","0","0"
"Казуальные дымовые тесты - Справочники - Запись","","Запись элемента справочника ""Детали тренажеров"" (ДеталиТренажеров)","0","0","1","0","0"
"Казуальные дымовые тесты - Справочники - Запись","","Запись элемента справочника ""Триггеры"" (CRM_Триггеры)","0","0","1","0","0"
"Критические дымовые тесты - Документы - Открытие, проведение, запись","","Запись элемента документа ""Реестр отгрузки"" (РеестрОтгрузки)","0","0","1","0","0"
"Казуальные дымовые тесты - Справочники - Запись","","Запись элемента справочника ""Коробки составных товаров"" (КоробкиСоставныхТоваров)","0","0","1","0","0"
"Казуальные дымовые тесты - Справочники - Запись","","Запись элемента справочника ""Марки (бренды)"" (Марки)","0","0","1","0","0"
"Казуальные дымовые тесты - Справочники - Запись","","Запись элемента справочника ""Эквайринговые терминалы"" (ЭквайринговыеТерминалы)","0","0","1","0","0"
"Критические дымовые тесты - Документы - Открытие, проведение, запись","","Запись элемента документа ""Регистратор расчетов"" (РегистраторРасчетов)","1","0","0","0","0"
"Критические дымовые тесты - Документы - Открытие, проведение, запись","","Запись элемента документа ""Списание безналичных денежных средств"" (СписаниеБезналичныхДенежныхСредств)","1","0","0","0","0"
"Заявка на расход ДС","","Закрыть окно о копии базы","0","0","1","0","0"
"Казуальные дымовые тесты - Справочники - Запись","","Закрываем клиент тестирования","0","0","1","0","0"
"Критические дымовые тесты - Документы - Открытие, проведение, запись","","Запись элемента документа ""Заявки на услуги сервиса и доставку"" (ЗаявкиНаУслугиСервиса)","0","0","1","0","0"
"Казуальные дымовые тесты - Справочники - Запись","","Запись элемента справочника ""Шаблоны этикеток и ценников"" (ШаблоныЭтикетокИЦенников)","0","0","1","0","0"
"Казуальные дымовые тесты - Справочники - Запись","","Запись элемента справочника ""Виды брака"" (ВидыБрака)","0","0","1","0","0"
"Казуальные дымовые тесты - Документы - Открытие, проведение, запись","","Запись элемента документа ""Заказ на эмиссию кодов маркировки СУЗ ИСМП"" (ЗаказНаЭмиссиюКодовМаркировкиСУЗ)","1","0","0","0","0"
"Казуальные дымовые тесты - Справочники - Запись","","Запись группы элементов справочника ""Группы доступа"" (ГруппыДоступа)","0","0","1","0","0"
"Казуальные дымовые тесты - Справочники - Запись","","Запись элемента справочника ""Ключи расчета сводных таблиц"" (КлючиРасчетаСводныхТаблиц)","0","0","1","0","0"
"Казуальные дымовые тесты - Справочники - Запись","","Запись элемента группы справочника ""Сегменты клиентов"" (СегментыПартнеров)","0","0","1","0","0"
"Казуальные дымовые тесты - Справочники - Запись","","Запись элемента справочника ""Страны мира"" (СтраныМира)","0","0","1","0","0"
"Критические дымовые тесты - Документы - Открытие, проведение, запись","","Запись элемента документа ""Приобретение услуг и прочих активов"" (ПриобретениеУслугПрочихАктивов)","1","0","0","0","0"
"Критические дымовые тесты - Справочники - Запись","","Запись элемента справочника ""Отчеты"" (ВариантыОтчетов)","0","0","1","0","0"
"Казуальные дымовые тесты - Справочники - Запись","","Запись элемента справочника ""Виды контактной информации"" (ВидыКонтактнойИнформации)","0","0","1","0","0"
"Казуальные дымовые тесты - Документы - Открытие, проведение, запись","","Запись элемента документа ""Распределение расходов"" (РаспределениеПрочихЗатрат)","1","0","0","0","0"
"Казуальные дымовые тесты - Справочники - Запись","","Запись элемента справочника ""Бизнес-регионы"" (БизнесРегионы)","0","0","1","0","0"
"Критические дымовые тесты - Документы - Открытие, проведение, запись","","Запись элемента документа ""Счет-фактура выданный"" (СчетФактураВыданный)","1","0","0","0","0"
"Казуальные дымовые тесты - Справочники - Запись","","Запись элемента справочника ""Сертификаты ключей электронной подписи и шифрования"" (СертификатыКлючейЭлектроннойПодписиИШифрования)","0","0","1","0","0"
"Казуальные дымовые тесты - Справочники - Запись","","Запись элемента справочника ""Пользователи"" (Пользователи)","0","0","1","0","0"
"Казуальные дымовые тесты - Справочники - Запись","","Запись элемента справочника ""Оптовая классификация"" (ОптоваяКлассификация)","0","0","1","0","0"
"Критические дымовые тесты - Документы - Открытие, проведение, запись","","Запись элемента документа ""Размещение коробок"" (РазмещениеКоробок)","1","0","0","0","0"
"проверка формирования УПД","","Закрываем клиент тестирования","0","0","1","0","0"
"Казуальные дымовые тесты - Документы - Открытие, проведение, запись","","Запись элемента документа ""Рекламация"" (Рекламация)","1","0","0","0","0"
"Казуальные дымовые тесты - Справочники - Запись","","Запись элемента группы справочника ""Товарные категории"" (ТоварныеКатегории)","0","0","1","0","0"
"Казуальные дымовые тесты - Документы - Открытие, проведение, запись","","Запись элемента документа ""Сверка взаиморасчетов"" (СверкаВзаиморасчетов)","1","0","0","0","0"
"Казуальные дымовые тесты - Справочники - Запись","","Запись элемента справочника ""Настройки выгрузки прайсов"" (НастройкиВыгрузкиПрайсов)","0","0","1","0","0"
"Казуальные дымовые тесты - Справочники - Запись","","Запись элемента справочника ""Коробки номенклатуры"" (КоробкиНоменклатуры)","0","0","1","0","0"
"Казуальные дымовые тесты - Документы - Открытие, проведение, запись","","Запись элемента документа ""Финансы маркетплейсов"" (ФинансыМаркетплейсов)","0","0","1","0","0"
"Критические дымовые тесты - Справочники - Запись","","Запись элемента справочника ""Контрагенты"" (Контрагенты)","0","0","1","0","0"
"Казуальные дымовые тесты - Документы - Открытие, проведение, запись","","Запись элемента документа ""Приобретение товаров и услуг"" (ПриобретениеТоваровУслуг)","1","0","0","0","0"
"Критические дымовые тесты - Документы - Открытие, проведение, запись","","Запись элемента документа ""Бронирование тендеров"" (БронированиеТендеров)","1","0","0","0","0"
"Казуальные дымовые тесты - Документы - Открытие, проведение, запись","","Запись элемента документа ""Инвентаризация"" (ТСД_Инвентаризация)","1","0","0","0","0"
"Казуальные дымовые тесты - Справочники - Запись","","Запись элемента справочника ""Графики работы"" (Календари)","0","0","1","0","0"
"Критические дымовые тесты - Документы - Открытие, проведение, запись","","Запись элемента документа ""Заказ-наряд"" (ЗаказНаряд)","1","0","0","0","0"
"Казуальные дымовые тесты - Справочники - Запись","","Запись элемента группы справочника ""Рассылки отчетов"" (РассылкиОтчетов)","0","0","1","0","0"
"Казуальные дымовые тесты - Справочники - Запись","","Запись элемента справочника ""Роли контактных лиц "" (РолиКонтактныхЛицПартнеров)","0","0","1","0","0"
"Казуальные дымовые тесты - Справочники - Запись","","Запись элемента справочника ""Наборы групп доступа"" (НаборыГруппДоступа)","1","0","0","0","0"
"Казуальные дымовые тесты - Документы - Открытие, проведение, запись","","Запись элемента документа ""Внутреннее потребление товаров"" (ВнутреннееПотреблениеТоваров)","1","0","0","0","0"
"Казуальные дымовые тесты - Документы - Открытие, проведение, запись","","Запись элемента документа ""Взаимодействие"" (CRM_Взаимодействие)","0","0","1","0","0"
"Казуальные дымовые тесты - Документы - Открытие, проведение, запись","","Запись элемента документа ""Назначение соответствия аналитик"" (бит_НазначениеСоответствияАналитик)","0","0","1","0","0"
"Критические дымовые тесты - Документы - Открытие, проведение, запись","","Запись элемента документа ""Задание на перевозку"" (ЗаданиеНаПеревозку)","0","0","1","0","0"
"Казуальные дымовые тесты - Справочники - Запись","","Запись элемента группы справочника ""Виды цен (Колонки прайс-листа)"" (ВидыЦен)","0","0","1","0","0"
"Казуальные дымовые тесты - Справочники - Запись","","Запись элемента справочника ""Рассылки отчетов"" (РассылкиОтчетов)","0","0","1","0","0"
"Казуальные дымовые тесты - Документы - Открытие, проведение, запись","","Запись элемента документа ""Операция по платежной карте"" (ОперацияПоПлатежнойКарте)","1","0","0","0","0"
"Критические дымовые тесты - Документы - Открытие, проведение, запись","","Запись элемента документа ""Корректировка задолженности"" (КорректировкаЗадолженности)","1","0","0","0","0"
"Казуальные дымовые тесты - Справочники - Запись","","Запись элемента справочника ""Виды номенклатуры"" (ВидыНоменклатуры)","0","0","1","0","0"
"Казуальные дымовые тесты - Справочники - Запись","","Запись элемента справочника ""Профили групп доступа"" (ПрофилиГруппДоступа)","0","0","1","0","0"
"Казуальные дымовые тесты - Справочники - Запись","","Запись элемента группы справочника ""Производители"" (Производители)","0","0","1","0","0"
"Казуальные дымовые тесты - Справочники - Запись","","Запись элемента справочника ""Настройки формирования остатков ФА (УОТ ФА)"" (CG_Online_НастройкиФормированияОстатков_ФА)","0","0","1","0","0"
"Казуальные дымовые тесты - Справочники - Запись","","Запись элемента справочника ""Промокоды"" (Промокоды)","0","0","1","0","0"
"Критические дымовые тесты - Документы - Открытие, проведение, запись","","Запись элемента документа ""Ордер на отражение порчи товаров"" (ОрдерНаОтражениеПорчиТоваров)","1","0","0","0","0"
"Казуальные дымовые тесты - Документы - Открытие, проведение, запись","","Запись элемента документа ""Отчет комиссионера (агента) о продажах"" (ОтчетКомиссионера)","1","0","0","0","0"
"Казуальные дымовые тесты - Справочники - Запись","","Запись элемента группы справочника ""Графики работы"" (Календари)","0","0","1","0","0"
"Казуальные дымовые тесты - Справочники - Запись","","Запись элемента справочника ""Банковские счета организаций"" (БанковскиеСчетаОрганизаций)","0","0","1","0","0"
"Казуальные дымовые тесты - Справочники - Запись","","Запись элемента справочника ""Статьи движения денежных средств"" (СтатьиДвиженияДенежныхСредств)","0","0","1","0","0"
"Казуальные дымовые тесты - Документы - Открытие, проведение, запись","","Запись элемента документа ""Выемка денежных средств из кассы ККМ"" (ВыемкаДенежныхСредствИзКассыККМ)","1","0","0","0","0"
"Казуальные дымовые тесты - Справочники - Запись","","Запись элемента справочника ""Настройки загрузки номенклатуры"" (НастройкиЗагрузкиНоменклатуры)","0","0","1","0","0"
"Казуальные дымовые тесты - Справочники - Запись","","Запись элемента справочника ""Иерархия дополнительных реквизитов"" (ИерархияДополнительныхРеквизитов)","0","0","1","0","0"
"Казуальные дымовые тесты - Справочники - Запись","","Запись элемента справочника ""Роли исполнителей"" (РолиИсполнителей)","0","0","1","0","0"
"Казуальные дымовые тесты - Документы - Открытие, проведение, запись","","Запись элемента документа ""Приход по коробкам"" (ПриходПоКоробкам)","1","0","0","0","0"
"Заявка на расход ДС","","выключение уведомлений","0","0","1","0","0"
"Критические дымовые тесты - Документы - Открытие, проведение, запись","","Запись элемента документа ""Платежная позиция"" (бит_кзн_ПлатежнаяПозиция)","0","0","1","0","0"
"Казуальные дымовые тесты - Документы - Открытие, проведение, запись","","Запись элемента документа ""Исправление развернутого сальдо товаров организаций"" (ИсправлениеРазвернутогоСальдоТоваровОрганизаций)","1","0","0","0","0"
"Казуальные дымовые тесты - Справочники - Запись","","Запись элемента справочника ""Наборы дополнительных реквизитов и сведений"" (НаборыДополнительныхРеквизитовИСведений)","1","0","0","0","0"
"Казуальные дымовые тесты - Справочники - Запись","","Запись элемента справочника ""Склады"" (Склады)","0","0","1","0","0"
"Казуальные дымовые тесты - Справочники - Запись","","Запись элемента справочника ""ЦФО"" (Подразделения)","0","0","1","0","0"
"Казуальные дымовые тесты - Справочники - Запись","","Запись элемента группы справочника ""Склады"" (Склады)","0","0","1","0","0"
"Казуальные дымовые тесты - Документы - Открытие, проведение, запись","","Закрываем клиент тестирования","0","0","1","0","0"
"Казуальные дымовые тесты - Справочники - Запись","","Запись элемента справочника ""Потенциальные клиенты"" (CRM_ПотенциальныеКлиенты)","0","0","1","0","0"
"Казуальные дымовые тесты - Справочники - Запись","","Запись элемента группы справочника ""Потенциальные клиенты"" (CRM_ПотенциальныеКлиенты)","0","0","1","0","0"
"Казуальные дымовые тесты - Справочники - Запись","","Запись элемента справочника ""Соглашения об условиях продаж"" (СоглашенияСКлиентами)","0","0","1","0","0"
"Критические дымовые тесты - Документы - Открытие, проведение, запись","","Запись элемента документа ""Ордер на отражение недостач товаров"" (ОрдерНаОтражениеНедостачТоваров)","1","0","0","0","0"
"Критические дымовые тесты - Справочники - Запись","","Запись элемента справочника ""Серии номенклатуры"" (СерииНоменклатуры)","0","0","1","0","0"
"Казуальные дымовые тесты - Справочники - Запись","","Запись элемента группы справочника ""Источники данных сводных таблиц"" (ИсточникиДанныхСводныхТаблиц)","0","0","1","0","0"
"Казуальные дымовые тесты - Справочники - Запись","","Запись элемента справочника ""Претензии"" (Претензии)","0","0","1","0","0"
"Казуальные дымовые тесты - Справочники - Запись","","Запись элемента справочника ""Виды карт лояльности"" (ВидыКартЛояльности)","0","0","1","0","0"
"Казуальные дымовые тесты - Справочники - Запись","","Запись элемента справочника ""Типы коробок"" (ТипыКоробок)","0","0","1","0","0"
"Критические дымовые тесты - Документы - Открытие, проведение, запись","","Запись элемента документа ""Ордер на перемещение товаров"" (ОрдерНаПеремещениеТоваров)","1","0","0","0","0"
"Казуальные дымовые тесты - Справочники - Запись","","Запись элемента справочника ""Зоны доставки"" (ЗоныДоставки)","0","0","1","0","0"
"Казуальные дымовые тесты - Справочники - Запись","","Запись элемента справочника ""Дополнительные отчеты и обработки"" (ДополнительныеОтчетыИОбработки)","0","0","1","0","0"
"Казуальные дымовые тесты - Справочники - Запись","","Запись элемента справочника ""Настройки почты"" (УчетныеЗаписиЭлектроннойПочты)","0","0","1","0","0"
"Казуальные дымовые тесты - Справочники - Запись","","Запись элемента группы справочника ""Детали тренажеров"" (ДеталиТренажеров)","0","0","1","0","0"
"Казуальные дымовые тесты - Справочники - Запись","","Запись элемента группы справочника ""Условия предоставления скидок (наценок)"" (УсловияПредоставленияСкидокНаценок)","0","0","1","0","0"
"Казуальные дымовые тесты - Документы - Открытие, проведение, запись","","Закрыть окно о копии базы","0","0","1","0","0"
"Критические дымовые тесты - Документы - Открытие, проведение, запись","","Запись элемента документа ""Отчет банка по операциям эквайринга"" (ОтчетБанкаПоОперациямЭквайринга)","1","0","0","0","0"
"проверка формирования УПД","","сброс пароля пользователя","0","0","1","0","0"
"Критические дымовые тесты - Справочники - Запись","","Запись элемента группы справочника ""Номенклатура"" (Номенклатура)","0","0","1","0","0"
"Казуальные дымовые тесты - Документы - Открытие, проведение, запись","","Запись элемента документа ""Возврат товаров между организациями"" (ВозвратТоваровМеждуОрганизациями)","1","0","0","0","0"
"Казуальные дымовые тесты - Справочники - Запись","","Запись элемента справочника ""Пользователи терминалов сбора данных"" (ТСД_Пользователи)","0","0","1","0","0"
"Казуальные дымовые тесты - Документы - Открытие, проведение, запись","","Запись элемента документа ""Регистрация цен номенклатуры поставщика"" (РегистрацияЦенНоменклатурыПоставщика)","0","0","1","0","0"
"Казуальные дымовые тесты - Справочники - Запись","","Запись элемента справочника ""Каналы продаж"" (КаналыПродаж)","0","0","1","0","0"
"Создание Заказа клиента и сборки","","Закрываем клиент тестирования","0","0","1","0","0"
"Казуальные дымовые тесты - Справочники - Запись","","Запись элемента группы справочника ""Физические лица"" (ФизическиеЛица)","0","0","1","0","0"
"Казуальные дымовые тесты - Справочники - Запись","","Запись элемента справочника ""Ставки НДС"" (СтавкиНДС)","0","0","1","0","0"
"Критические дымовые тесты - Документы - Открытие, проведение, запись","","Запись элемента документа ""Заявка на возврат товаров от клиента"" (ЗаявкаНаВозвратТоваровОтКлиента)","1","0","0","0","0"
"Казуальные дымовые тесты - Справочники - Запись","","Запись элемента справочника ""Ключи аналитики учета по партнерам"" (КлючиАналитикиУчетаПоПартнерам)","0","0","1","0","0"
"Казуальные дымовые тесты - Документы - Открытие, проведение, запись","","Запись элемента документа ""Установка порогов оповещения остатков"" (УстановкаПороговОповещенияОстатков)","0","0","1","0","0"
"Казуальные дымовые тесты - Справочники - Запись","","Запись элемента справочника ""Фазы"" (Фазы)","0","0","1","0","0"
"Казуальные дымовые тесты - Документы - Открытие, проведение, запись","","Запись элемента документа ""Акт о расхождениях после приемки"" (АктОРасхожденияхПослеПриемки)","1","0","0","0","0"
"Казуальные дымовые тесты - Справочники - Запись","","Запись элемента группы справочника ""Дополнительные отчеты и обработки"" (ДополнительныеОтчетыИОбработки)","0","0","1","0","0"
"Казуальные дымовые тесты - Справочники - Запись","","Закрыть окно о копии базы","0","0","1","0","0"
"Критические дымовые тесты - Документы - Открытие, проведение, запись","","Запись элемента документа ""Согласование скидок"" (СогласованиеСкидок)","1","0","0","0","0"
"Критические дымовые тесты - Документы - Открытие, проведение, запись","","Запись элемента документа ""Ордер на отражение пересортицы товаров"" (ОрдерНаОтражениеПересортицыТоваров)","1","0","0","0","0"
"Критические дымовые тесты - Документы - Открытие, проведение, запись","","Запись элемента документа ""Расходный кассовый ордер"" (РасходныйКассовыйОрдер)","1","0","0","0","0"
"Критические дымовые тесты - Справочники - Запись","","Закрыть окно о копии базы","0","0","1","0","0"
"Казуальные дымовые тесты - Справочники - Запись","","Запись элемента справочника ""Идентификаторы объектов метаданных"" (ИдентификаторыОбъектовМетаданных)","1","0","0","0","0"
"Казуальные дымовые тесты - Документы - Открытие, проведение, запись","","Запись элемента документа ""Корректировка приобретения"" (КорректировкаПриобретения)","1","0","0","0","0"
"Критические дымовые тесты - Документы - Открытие, проведение, запись","","Запись элемента документа ""Интерес/Обращение"" (CRM_Интерес)","0","0","1","0","0"
"Критические дымовые тесты - Справочники - Запись","","Запись элемента справочника ""Партнеры"" (Партнеры)","0","0","1","0","0"
"Казуальные дымовые тесты - Справочники - Запись","","Запись элемента справочника ""Банковские счета"" (БанковскиеСчетаКонтрагентов)","0","0","1","0","0"
"Казуальные дымовые тесты - Документы - Открытие, проведение, запись","","Запись элемента документа ""Установка цен номенклатуры"" (УстановкаЦенНоменклатуры)","1","0","0","0","0"
"Казуальные дымовые тесты - Справочники - Запись","","Запись элемента справочника ""Соглашения об условиях закупок"" (СоглашенияСПоставщиками)","0","0","1","0","0"
"Создание Заказа клиента и сборки","","Закрыть окно о копии базы","0","0","1","0","0"
"Казуальные дымовые тесты - Справочники - Запись","","Запись элемента группы справочника ""Эквайринговые терминалы"" (ЭквайринговыеТерминалы)","0","0","1","0","0"
"Казуальные дымовые тесты - Справочники - Запись","","Запись элемента группы справочника ""Ключи расчета сводных таблиц"" (КлючиРасчетаСводныхТаблиц)","0","0","1","0","0"
"Казуальные дымовые тесты - Справочники - Запись","","Запись элемента справочника ""Группы складских ячеек"" (ТСД_ГруппыСкладскихЯчеек)","0","0","1","0","0"
"Казуальные дымовые тесты - Справочники - Запись","","Запись элемента справочника ""Структура предприятия"" (СтруктураПредприятия)","0","0","1","0","0"
"Казуальные дымовые тесты - Справочники - Запись","","Запись элемента справочника ""Транспортные средства"" (ТранспортныеСредства)","0","0","1","0","0"
"Казуальные дымовые тесты - Справочники - Запись","","Запись элемента справочника ""Правила распределения расходов"" (ПравилаРаспределенияРасходов)","0","0","1","0","0"
"Критические дымовые тесты - Справочники - Запись","","Запись элемента справочника ""Характеристики номенклатуры"" (ХарактеристикиНоменклатуры)","1","0","0","0","0"
"Казуальные дымовые тесты - Справочники - Запись","","Запись элемента справочника ""Графики оплаты"" (ГрафикиОплаты)","0","0","1","0","0"
"Критические дымовые тесты - Документы - Открытие, проведение, запись","","Запись элемента документа ""Детализация расчета DDP"" (ДетализацияРасчетаDDP)","0","0","1","0","0"
"Казуальные дымовые тесты - Справочники - Запись","","Запись элемента справочника ""Условия предоставления скидок (наценок)"" (УсловияПредоставленияСкидокНаценок)","0","0","1","0","0"
"Критические дымовые тесты - Документы - Открытие, проведение, запись","","Запись элемента документа ""Приходный ордер на товары"" (ПриходныйОрдерНаТовары)","1","0","0","0","0"
"Казуальные дымовые тесты - Справочники - Запись","","Запись элемента справочника ""Организации"" (Организации)","0","0","1","0","0"
"Казуальные дымовые тесты - Справочники - Запись","","Запись элемента справочника ""Предопределенные варианты отчетов"" (ПредопределенныеВариантыОтчетов)","1","0","0","0","0"
"Казуальные дымовые тесты - Справочники - Запись","","Запись элемента справочника ""Качество"" (Качество)","0","0","1","0","0"
"Казуальные дымовые тесты - Справочники - Запись","","Запись элемента группы справочника ""Марки (бренды)"" (Марки)","0","0","1","0","0"
"Критические дымовые тесты - Документы - Открытие, проведение, запись","","Запись элемента документа ""Возврат на FBO"" (ПеремещениеТоваровЗаказа)","1","0","0","0","0"
"Казуальные дымовые тесты - Справочники - Запись","","Запись элемента справочника ""Контейнеры заказов поставщику"" (КонтейнерыЗаказовПоставщику)","0","0","1","0","0"
"Критические дымовые тесты - Справочники - Запись","","Закрываем клиент тестирования","0","0","1","0","0"
"проверка формирования УПД","","Формирование УПД","0","0","1","0","0"
"Казуальные дымовые тесты - Справочники - Запись","","Запись элемента справочника ""Производители"" (Производители)","0","0","1","0","0"
"Казуальные дымовые тесты - Справочники - Запись","","Запись элемента справочника ""Договоры кредитов и депозитов"" (ДоговорыКредитовИДепозитов)","0","0","1","0","0"
"Критические дымовые тесты - Справочники - Запись","","Запись элемента справочника ""Ключи аналитики учета номенклатуры"" (КлючиАналитикиУчетаНоменклатуры)","0","0","1","0","0"
"Казуальные дымовые тесты - Справочники - Запись","","Запись элемента группы справочника ""Направления деятельности"" (НаправленияДеятельности)","0","0","1","0","0"
"Казуальные дымовые тесты - Справочники - Запись","","Запись элемента справочника ""Виды цен (Колонки прайс-листа)"" (ВидыЦен)","0","0","1","0","0"
"Казуальные дымовые тесты - Справочники - Запись","","Запись элемента справочника ""Политики учета серий"" (ПолитикиУчетаСерий)","0","0","1","0","0"
"Критические дымовые тесты - Документы - Открытие, проведение, запись","","Запись элемента документа ""Поступление безналичных денежных средств"" (ПоступлениеБезналичныхДенежныхСредств)","1","0","0","0","0"
"Критические дымовые тесты - Справочники - Запись","","Запись элемента справочника ""Номенклатура"" (Номенклатура)","1","0","0","0","0"
"Критические дымовые тесты - Документы - Открытие, проведение, запись","","Запись элемента документа ""Поступление товаров на склад"" (ПоступлениеТоваровНаСклад)","1","0","0","0","0"
"Критические дымовые тесты - Документы - Открытие, проведение, запись","","Запись элемента документа ""Пересортица товаров"" (ПересортицаТоваров)","1","0","0","0","0"
"Казуальные дымовые тесты - Справочники - Запись","","Запись элемента справочника ""Карты лояльности"" (КартыЛояльности)","0","0","1","0","0"
"Казуальные дымовые тесты - Документы - Открытие, проведение, запись","","Запись элемента документа ""Инвентаризационная опись"" (ИнвентаризационнаяОпись)","0","0","1","0","0"
"Критические дымовые тесты - Документы - Открытие, проведение, запись","","Запись элемента документа ""Заказ на перемещение"" (ЗаказНаПеремещение)","1","0","0","0","0"
"Критические дымовые тесты - Документы - Открытие, проведение, запись","","Запись элемента документа ""Оприходование излишков товаров"" (ОприходованиеИзлишковТоваров)","1","0","0","0","0"
"Казуальные дымовые тесты - Документы - Открытие, проведение, запись","","Запись элемента документа ""Эмиссия промокодов"" (ЭмиссияПромокодов)","0","0","1","0","0"
"Казуальные дымовые тесты - Справочники - Запись","","Запись элемента группы справочника ""Пользователи терминалов сбора данных"" (ТСД_Пользователи)","0","0","1","0","0"
"Критические дымовые тесты - Документы - Открытие, проведение, запись","","Запись элемента документа ""Кэш регистрации серий"" (КэшРегистрацииСерий)","0","0","1","0","0"
"Казуальные дымовые тесты - Справочники - Запись","","Запись элемента справочника ""Группы пользователей"" (ГруппыПользователей)","0","0","1","0","0"
"Казуальные дымовые тесты - Документы - Открытие, проведение, запись","","Запись элемента документа ""Распределение доходов по направлениям деятельности"" (РаспределениеДоходовПоНаправлениямДеятельности)","1","0","0","0","0"
"Критические дымовые тесты - Документы - Открытие, проведение, запись","","Запись элемента документа ""Чек ККМ на возврат"" (ЧекККМВозврат)","1","0","0","0","0"
"Казуальные дымовые тесты - Документы - Открытие, проведение, запись","","Запись элемента документа ""Операция (управленческий)"" (бит_ОперацияУправленческий)","0","0","1","0","0"
"Казуальные дымовые тесты - Документы - Открытие, проведение, запись","","Запись элемента документа ""Чек ККМ"" (ЧекККМ)","0","0","1","0","0"
"Критические дымовые тесты - Документы - Открытие, проведение, запись","","Запись элемента документа ""Заявка на расходование денежных средств (БИТ)"" (бит_кзн_ЗаявкаНаРасходованиеСредств)","0","0","1","0","0"
"Казуальные дымовые тесты - Справочники - Запись","","Запись элемента группы справочника ""Складские ячейки"" (СкладскиеЯчейки)","0","0","1","0","0"
"Казуальные дымовые тесты - Справочники - Запись","","Запись элемента справочника ""Настройки РМК"" (НастройкиРМК)","0","0","1","0","0"
"Критические дымовые тесты - Документы - Открытие, проведение, запись","","Запись элемента документа ""Ордер на отражение излишков товаров"" (ОрдерНаОтражениеИзлишковТоваров)","1","0","0","0","0"
"Критические дымовые тесты - Документы - Открытие, проведение, запись","","Запись элемента документа ""Отражение факта ДДС"" (бит_ОтражениеФактаДДС)","0","0","1","0","0"
"Казуальные дымовые тесты - Справочники - Запись","","Запись элемента справочника ""Настройки подключения (АИСО)"" (аисо_НастройкиПодключения)","0","0","1","0","0"
"Критические дымовые тесты - Документы - Открытие, проведение, запись","","Запись элемента документа ""Корректировка назначения товаров"" (КорректировкаНазначенияТоваров)","1","0","0","0","0"
"Критические дымовые тесты - Документы - Открытие, проведение, запись","","Закрыть окно о копии базы","0","0","1","0","0"
"Критические дымовые тесты - Документы - Открытие, проведение, запись","","Запись элемента документа ""Отбор товаров"" (ТСД_ОтборТоваров)","0","0","1","0","0"
"Казуальные дымовые тесты - Справочники - Запись","","Запись элемента справочника ""Направления деятельности"" (НаправленияДеятельности)","0","0","1","0","0"
"Критические дымовые тесты - Документы - Открытие, проведение, запись","","Запись элемента документа ""Реализация товаров и услуг"" (РеализацияТоваровУслуг)","1","0","0","0","0"
"Критические дымовые тесты - Справочники - Запись","","Запись элемента справочника ""Штрихкоды упаковок и товаров"" (ШтрихкодыУпаковокТоваров)","0","0","1","0","0"
"Казуальные дымовые тесты - Справочники - Запись","","Запись элемента справочника ""Сегменты клиентов"" (СегментыПартнеров)","0","0","1","0","0"
"Казуальные дымовые тесты - Справочники - Запись","","Запись элемента группы справочника ""Виды номенклатуры"" (ВидыНоменклатуры)","0","0","1","0","0"
"Казуальные дымовые тесты - Справочники - Запись","","Запись элемента справочника ""Типы маркетинговых акций"" (ТипыМаркетинговыхАкций)","0","0","1","0","0"
"Казуальные дымовые тесты - Справочники - Запись","","Запись элемента справочника ""Проекты"" (Проекты)","0","0","1","0","0"
"Казуальные дымовые тесты - Справочники - Запись","","Запись элемента справочника ""Кассы ККМ"" (КассыККМ)","0","0","1","0","0"
"Казуальные дымовые тесты - Справочники - Запись","","Запись элемента группы справочника ""Дополнительные значения аналитик и субконто"" (бит_ДополнительныеЗначенияАналитик)","0","0","1","0","0"
"Казуальные дымовые тесты - Справочники - Запись","","Запись элемента справочника ""Виды подарочных сертификатов"" (ВидыПодарочныхСертификатов)","0","0","1","0","0"
"Критические дымовые тесты - Документы - Открытие, проведение, запись","","Запись элемента документа ""Маркетинговая акция"" (МаркетинговаяАкция)","0","0","1","0","0"
"Критические дымовые тесты - Документы - Открытие, проведение, запись","","Запись элемента документа ""Приходный кассовый ордер"" (ПриходныйКассовыйОрдер)","1","0","0","0","0"
"Заявка на расход ДС","","Закрываем клиент тестирования","0","0","1","0","0"
"Критические дымовые тесты - Документы - Открытие, проведение, запись","","Запись элемента документа ""Акт выполненных работ для клиента"" (АктВыполненныхРабот)","1","0","0","0","0"
"Казуальные дымовые тесты - Документы - Открытие, проведение, запись","","Запись элемента документа ""Взаимозачет задолженности"" (ВзаимозачетЗадолженности)","1","0","0","0","0"
"Казуальные дымовые тесты - Документы - Открытие, проведение, запись","","Запись элемента документа ""Перемещение по коробкам"" (ПеремещениеПоКоробкам)","1","0","0","0","0"
"Казуальные дымовые тесты - Справочники - Запись","","Запись элемента справочника ""Договоры с контрагентами"" (ДоговорыКонтрагентов)","0","0","1","0","0"
"Казуальные дымовые тесты - Документы - Открытие, проведение, запись","","Запись элемента документа ""Закрытие заказов"" (ЗакрытиеЗаказов_ФА)","0","0","1","0","0"
"Казуальные дымовые тесты - Справочники - Запись","","Запись элемента группы справочника ""Дополнительные значения"" (ЗначенияСвойствОбъектов)","0","0","1","0","0"
"Критические дымовые тесты - Документы - Открытие, проведение, запись","","Запись элемента документа ""Отгрузка товаров"" (ТСД_ОтгрузкаТоваров)","1","0","0","0","0"
"Казуальные дымовые тесты - Справочники - Запись","","Запись элемента справочника ""Виды работ"" (ВидыРабот)","0","0","1","0","0"
"Казуальные дымовые тесты - Справочники - Запись","","Запись элемента справочника ""Производственные календари"" (ПроизводственныеКалендари)","0","0","1","0","0"
"Казуальные дымовые тесты - Документы - Открытие, проведение, запись","","Запись элемента документа ""Входящий электронный документ"" (ЭлектронныйДокументВходящийЭДО)","1","0","0","0","0"
"Заявка на расход ДС","","сброс пароля пользователя","0","0","1","0","0"
"Критические дымовые тесты - Документы - Открытие, проведение, запись","","Запись элемента документа ""Счет-фактура выданный комиссионеру (агенту)"" (СчетФактураКомиссионеру)","1","0","0","0","0"
"Казуальные дымовые тесты - Справочники - Запись","","Запись элемента справочника ""Правила уценки товаров"" (ПравилаУценкиТоваров)","0","0","1","0","0"
"Казуальные дымовые тесты - Справочники - Запись","","Запись элемента справочника ""Кассы"" (Кассы)","0","0","1","0","0"
"Заказ клиента на 10 позиций","","сброс пароля пользователя","0","0","1","0","0"
"Критические дымовые тесты - Документы - Открытие, проведение, запись","","Запись элемента документа ""Отчет о розничных продажах"" (ОтчетОРозничныхПродажах)","1","0","0","0","0"
"Заказ клиента на 10 позиций","","Закрыть окно о копии базы","0","0","1","0","0"
"Казуальные дымовые тесты - Документы - Открытие, проведение, запись","","Запись элемента документа ""Электронное письмо исходящее"" (ЭлектронноеПисьмоИсходящее)","1","0","0","0","0"
"Казуальные дымовые тесты - Справочники - Запись","","Запись элемента справочника ""Сегменты номенклатуры"" (СегментыНоменклатуры)","0","0","1","0","0"
"Критические дымовые тесты - Справочники - Запись","","Запись элемента справочника ""Номера ГТД"" (НомераГТД)","0","0","1","0","0"
"Казуальные дымовые тесты - Справочники - Запись","","Запись элемента группы справочника ""Справочник БИК"" (КлассификаторБанков)","0","0","1","0","0"
"Заказ клиента на 10 позиций","","Заказ клиента на 10 позиций","0","0","1","0","0"
"Казуальные дымовые тесты - Справочники - Запись","","Запись элемента справочника ""Типоразмеры упаковок"" (ТипоразмерыУпаковок)","0","0","1","0","0"
"Казуальные дымовые тесты - Документы - Открытие, проведение, запись","","Запись элемента документа ""Возврат товаров поставщику"" (ВозвратТоваровПоставщику)","1","0","0","0","0"
"Заказ клиента на 10 позиций","","выключение уведомлений","0","0","1","0","0"
"Казуальные дымовые тесты - Справочники - Запись","","Запись элемента справочника ""Валюты"" (Валюты)","0","0","1","0","0"
"Казуальные дымовые тесты - Справочники - Запись","","Запись элемента справочника ""Предопределенные варианты отчетов расширений"" (ПредопределенныеВариантыОтчетовРасширений)","1","0","0","0","0"
"Казуальные дымовые тесты - Документы - Открытие, проведение, запись","","Запись элемента документа ""Сообщение SMS"" (СообщениеSMS)","0","0","1","0","0"
"Казуальные дымовые тесты - Справочники - Запись","","Запись элемента группы справочника ""Профили групп доступа"" (ПрофилиГруппДоступа)","0","0","1","0","0"
"Казуальные дымовые тесты - Справочники - Запись","","Запись элемента группы справочника ""Статьи движения денежных средств"" (СтатьиДвиженияДенежныхСредств)","1","0","0","0","0"
"Критические дымовые тесты - Документы - Открытие, проведение, запись","","Закрываем клиент тестирования","0","0","1","0","0"
"Критические дымовые тесты - Документы - Открытие, проведение, запись","","Запись элемента документа ""Заказ на сборку (разборку)"" (ЗаказНаСборку)","1","0","0","0","0"
"Критические дымовые тесты - Документы - Открытие, проведение, запись","","Запись элемента документа ""Кассовая смена"" (КассоваяСмена)","0","0","1","0","0"
"Казуальные дымовые тесты - Справочники - Запись","","Запись элемента справочника ""Цвета базовые"" (Цвета)","0","0","1","0","0"
"Критические дымовые тесты - Документы - Открытие, проведение, запись","","Запись элемента документа ""Таможенная декларация на импорт"" (ТаможеннаяДекларацияИмпорт)","1","0","0","0","0"
"Казуальные дымовые тесты - Справочники - Запись","","Запись элемента группы справочника ""Скидки (наценки)"" (СкидкиНаценки)","0","0","1","0","0"
"Критические дымовые тесты - Справочники - Запись","","Запись элемента справочника ""Города служб доставки (api-ship)"" (шип_ГородаСлужбДоставки)","0","0","1","0","0"
"Казуальные дымовые тесты - Справочники - Запись","","Запись элемента справочника ""Дополнительные значения"" (ЗначенияСвойствОбъектов)","0","0","1","0","0"
"Казуальные дымовые тесты - Справочники - Запись","","Запись элемента справочника ""Договоры эквайринга"" (ДоговорыЭквайринга)","0","0","1","0","0"
"Казуальные дымовые тесты - Справочники - Запись","","Запись элемента справочника ""Ключи аналитики учета партий"" (КлючиАналитикиУчетаПартий)","0","0","1","0","0"
"Казуальные дымовые тесты - Справочники - Запись","","Запись элемента справочника ""Группы доступа"" (ГруппыДоступа)","0","0","1","0","0"
"Казуальные дымовые тесты - Документы - Открытие, проведение, запись","","Запись элемента документа ""Реализация подарочных сертификатов"" (РеализацияПодарочныхСертификатов)","1","0","0","0","0"
"Создание Заказа клиента и сборки","","сброс пароля пользователя","0","0","1","0","0"
"Казуальные дымовые тесты - Документы - Открытие, проведение, запись","","Запись элемента документа ""Авансовый отчет"" (АвансовыйОтчет)","1","0","0","0","0"
"Казуальные дымовые тесты - Документы - Открытие, проведение, запись","","Запись элемента документа ""Расчет DDP"" (РасчетDDP)","1","0","0","0","0"
"Казуальные дымовые тесты - Документы - Открытие, проведение, запись","","Запись элемента документа ""Списание недостач товаров"" (СписаниеНедостачТоваров)","1","0","0","0","0"
"Критические дымовые тесты - Документы - Открытие, проведение, запись","","Запись элемента документа ""Заказ клиента (сервиса)"" (CG_Online_ЗаказКлиентаСервиса)","1","0","0","0","0"
"Казуальные дымовые тесты - Справочники - Запись","","Запись элемента справочника ""Упаковки и единицы измерения"" (УпаковкиЕдиницыИзмерения)","0","0","1","0","0"
"Казуальные дымовые тесты - Документы - Открытие, проведение, запись","","Запись элемента документа ""Финансы маркетплейсов за сутки"" (ФинансыМаркетплейсовЗаСутки)","0","0","1","0","0"
"Казуальные дымовые тесты - Справочники - Запись","","Запись элемента группы справочника ""Зоны доставки"" (ЗоныДоставки)","0","0","1","0","0"
"Заявка на расход ДС","","Настройка лицензий БИТ","0","0","1","0","0"
"Казуальные дымовые тесты - Справочники - Запись","","Запись элемента справочника ""Причины уценки оборудования"" (ПричиныУценкиОборудования)","0","0","1","0","0"
"Казуальные дымовые тесты - Справочники - Запись","","Запись элемента группы справочника ""Наборы дополнительных реквизитов и сведений"" (НаборыДополнительныхРеквизитовИСведений)","1","0","0","0","0"
"Создание Заказа клиента и сборки","","Работа с ТСД","0","0","1","0","0"
"Критические дымовые тесты - Документы - Открытие, проведение, запись","","Запись элемента документа ""Заказ клиента"" (ЗаказКлиента)","1","0","0","0","0"
"Казуальные дымовые тесты - Документы - Открытие, проведение, запись","","Запись элемента документа ""Счет-фактура полученный"" (СчетФактураПолученный)","1","0","0","0","0"
"Казуальные дымовые тесты - Справочники - Запись","","Запись элемента справочника ""Складские ячейки"" (СкладскиеЯчейки)","0","0","1","0","0"
"Критические дымовые тесты - Документы - Открытие, проведение, запись","","Запись элемента документа ""Коммерческое предложение клиенту"" (КоммерческоеПредложениеКлиенту)","0","0","1","0","0"
"Казуальные дымовые тесты - Документы - Открытие, проведение, запись","","Запись элемента документа ""Вывод из оборота ИС МП"" (ВыводИзОборотаИСМП)","0","0","1","0","0"
"Казуальные дымовые тесты - Документы - Открытие, проведение, запись","","Запись элемента документа ""Начисления и выплаты сборщикам товаров"" (НачисленияИВыплатыСборщикамТоваров)","0","0","1","0","0"
"Казуальные дымовые тесты - Документы - Открытие, проведение, запись","","Запись элемента документа ""Начисления по кредитам и депозитам"" (НачисленияКредитовИДепозитов)","1","0","0","0","0"
"Казуальные дымовые тесты - Справочники - Запись","","Запись элемента справочника ""Товарные категории"" (ТоварныеКатегории)","0","0","1","0","0"
"Казуальные дымовые тесты - Справочники - Запись","","Запись элемента справочника ""Основная бизнес-классификация"" (ИерархияБизнеса)","0","0","1","0","0"
"Создание Заказа клиента и сборки","","Создание Заказа клиента и сборки","0","0","1","0","0"
"Казуальные дымовые тесты - Документы - Открытие, проведение, запись","","Запись элемента документа ""Сводная справка НДС"" (СводнаяСправкаНДС)","1","0","0","0","0"
