"Status","Start Time","Stop Time","Duration in ms","Parent Suite","Suite","Sub Suite","Test Class","Test Method","Name","Description"
"failed","Wed May 14 10:57:15 MSK 2025","Wed May 14 10:57:30 MSK 2025","14464","","Критические дымовые тесты - Документы - Открытие, проведение, запись","","","","Запись элемента документа ""Порча товаров"" (ПорчаТоваров)",""
"failed","Wed May 14 10:47:16 MSK 2025","Wed May 14 10:47:32 MSK 2025","15719","","Критические дымовые тесты - Документы - Открытие, проведение, запись","","","","Запись элемента документа ""Перемещение товаров"" (ПеремещениеТоваров)",""
"failed","Wed May 14 10:43:38 MSK 2025","Wed May 14 10:43:54 MSK 2025","15481","","Критические дымовые тесты - Документы - Открытие, проведение, запись","","","","Запись элемента документа ""Расходный ордер на товары"" (РасходныйОрдерНаТовары)",""
"passed","Wed May 14 12:23:09 MSK 2025","Wed May 14 12:23:41 MSK 2025","32030","","Казуальные дымовые тесты - Справочники - Запись","","","","Запись элемента справочника ""Варианты отчетов (БИТ)"" (бит_ВариантыОтчетов)",""
"passed","Wed May 14 12:02:32 MSK 2025","Wed May 14 12:02:40 MSK 2025","7675","","Казуальные дымовые тесты - Справочники - Запись","","","","Запись элемента справочника ""Сообщения (Контур.EDI)"" (КонтурEDI_Сообщения)",""
"passed","Wed May 14 11:08:34 MSK 2025","Wed May 14 11:08:42 MSK 2025","7429","","Казуальные дымовые тесты - Справочники - Запись","","","","Запись элемента справочника ""Розничная классификация"" (РозничнаяКлассификация)",""
"failed","Wed May 14 10:21:30 MSK 2025","Wed May 14 10:21:45 MSK 2025","15768","","Казуальные дымовые тесты - Документы - Открытие, проведение, запись","","","","Запись элемента документа ""Передача товаров между организациями"" (ПередачаТоваровМеждуОрганизациями)",""
"passed","Wed May 14 10:27:14 MSK 2025","Wed May 14 10:27:23 MSK 2025","8612","","Казуальные дымовые тесты - Документы - Открытие, проведение, запись","","","","Запись элемента документа ""Заказ запчастей"" (ЗаказЗапчастей)",""
"passed","Wed May 14 10:11:30 MSK 2025","Wed May 14 10:11:30 MSK 2025","44","","Создание Заказа клиента и сборки","","","","выключение уведомлений",""
"passed","Wed May 14 10:54:01 MSK 2025","Wed May 14 10:54:27 MSK 2025","25442","","Критические дымовые тесты - Документы - Открытие, проведение, запись","","","","Запись элемента документа ""Заказ поставщику"" (ЗаказПоставщику)",""
"passed","Wed May 14 12:56:13 MSK 2025","Wed May 14 12:56:21 MSK 2025","7735","","Казуальные дымовые тесты - Справочники - Запись","","","","Запись элемента справочника ""Наборы упаковок"" (НаборыУпаковок)",""
"failed","Wed May 14 10:21:53 MSK 2025","Wed May 14 10:22:07 MSK 2025","13551","","Казуальные дымовые тесты - Документы - Открытие, проведение, запись","","","","Запись элемента документа ""Расход по коробкам"" (РасходПоКоробкам)",""
"passed","Wed May 14 10:48:21 MSK 2025","Wed May 14 10:48:31 MSK 2025","9691","","Критические дымовые тесты - Документы - Открытие, проведение, запись","","","","Запись элемента документа ""Складское перемещение товаров"" (ТСД_ПеремещениеТоваров)",""
"failed","Wed May 14 11:03:47 MSK 2025","Wed May 14 11:04:03 MSK 2025","15494","","Критические дымовые тесты - Документы - Открытие, проведение, запись","","","","Запись элемента документа ""Сборка товаров"" (СборкаТоваров)",""
"passed","Wed May 14 10:30:05 MSK 2025","Wed May 14 10:30:47 MSK 2025","41725","","Казуальные дымовые тесты - Документы - Открытие, проведение, запись","","","","Запись элемента документа ""Форма ввода бюджета"" (бит_ФормаВводаБюджета)",""
"failed","Wed May 14 10:25:28 MSK 2025","Wed May 14 10:25:41 MSK 2025","13414","","Казуальные дымовые тесты - Документы - Открытие, проведение, запись","","","","Запись элемента документа ""Расчет курсовых разниц"" (РасчетКурсовыхРазниц)",""
"passed","Wed May 14 12:14:27 MSK 2025","Wed May 14 12:14:36 MSK 2025","8737","","Казуальные дымовые тесты - Справочники - Запись","","","","Запись элемента справочника ""Складские помещения"" (СкладскиеПомещения)",""
"failed","Wed May 14 10:49:26 MSK 2025","Wed May 14 10:49:43 MSK 2025","16480","","Критические дымовые тесты - Документы - Открытие, проведение, запись","","","","Запись элемента документа ""Возврат товаров от клиента"" (ВозвратТоваровОтКлиента)",""
"passed","Wed May 14 10:56:21 MSK 2025","Wed May 14 10:56:31 MSK 2025","9322","","Критические дымовые тесты - Документы - Открытие, проведение, запись","","","","Запись элемента документа ""Транспортная накладная"" (ТранспортнаяНакладная)",""
"passed","Wed May 14 12:13:10 MSK 2025","Wed May 14 12:13:32 MSK 2025","21730","","Казуальные дымовые тесты - Справочники - Запись","","","","Запись элемента справочника ""Подключаемое оборудование"" (ПодключаемоеОборудование)",""
"passed","Wed May 14 12:19:27 MSK 2025","Wed May 14 12:19:37 MSK 2025","9667","","Казуальные дымовые тесты - Справочники - Запись","","","","Запись элемента справочника ""Маркетинговые мероприятия"" (МаркетинговыеМероприятия)",""
"passed","Wed May 14 12:20:04 MSK 2025","Wed May 14 12:20:10 MSK 2025","6042","","Казуальные дымовые тесты - Справочники - Запись","","","","Запись элемента группы справочника ""Виды контактной информации"" (ВидыКонтактнойИнформации)",""
"failed","Wed May 14 10:36:57 MSK 2025","Wed May 14 10:37:12 MSK 2025","14647","","Казуальные дымовые тесты - Документы - Открытие, проведение, запись","","","","Запись элемента документа ""Отчет по комиссии между организациями"" (ОтчетПоКомиссииМеждуОрганизациями)",""
"passed","Wed May 14 10:32:41 MSK 2025","Wed May 14 10:32:50 MSK 2025","8545","","Казуальные дымовые тесты - Документы - Открытие, проведение, запись","","","","Запись элемента документа ""Установка лимитов по картам сотрудников"" (УстановкаЛимитовПоКартамСотрудников)",""
"failed","Wed May 14 10:53:17 MSK 2025","Wed May 14 10:53:32 MSK 2025","14711","","Критические дымовые тесты - Документы - Открытие, проведение, запись","","","","Запись элемента документа ""Отчет о розничных возвратах"" (ОтчетОРозничныхВозвратах)",""
"passed","Wed May 14 12:20:20 MSK 2025","Wed May 14 12:20:31 MSK 2025","10639","","Казуальные дымовые тесты - Справочники - Запись","","","","Запись элемента группы справочника ""Настройки загрузки номенклатуры"" (НастройкиЗагрузкиНоменклатуры)",""
"failed","Wed May 14 10:37:52 MSK 2025","Wed May 14 10:38:06 MSK 2025","14327","","Казуальные дымовые тесты - Документы - Открытие, проведение, запись","","","","Запись элемента документа ""Отражение прочих доходов и расходов"" (ПрочиеДоходыРасходы)",""
"passed","Wed May 14 11:07:24 MSK 2025","Wed May 14 11:07:31 MSK 2025","6842","","Казуальные дымовые тесты - Справочники - Запись","","","","Запись элемента справочника ""Справочник БИК"" (КлассификаторБанков)",""
"passed","Wed May 14 12:03:33 MSK 2025","Wed May 14 12:08:35 MSK 2025","301819","","Казуальные дымовые тесты - Справочники - Запись","","","","Запись элемента группы справочника ""Сегменты номенклатуры"" (СегментыНоменклатуры)",""
"passed","Wed May 14 10:28:32 MSK 2025","Wed May 14 10:29:07 MSK 2025","34738","","Казуальные дымовые тесты - Документы - Открытие, проведение, запись","","","","Запись элемента документа ""Расчет себестоимости товаров"" (РасчетСебестоимостиТоваров)",""
"failed","Wed May 14 10:58:06 MSK 2025","Wed May 14 10:58:21 MSK 2025","14056","","Критические дымовые тесты - Документы - Открытие, проведение, запись","","","","Запись элемента документа ""Прием возвратов с ТСД"" (ТСД_ВозвратТоваров)",""
"failed","Wed May 14 10:39:49 MSK 2025","Wed May 14 10:40:04 MSK 2025","14534","","Казуальные дымовые тесты - Документы - Открытие, проведение, запись","","","","Запись элемента документа ""Отчет комитенту о продажах"" (ОтчетКомитенту)",""
"passed","Wed May 14 13:04:27 MSK 2025","Wed May 14 13:04:43 MSK 2025","15756","","Критические дымовые тесты - Справочники - Запись","","","","Запись элемента справочника ""Виды запасов"" (ВидыЗапасов)",""
"passed","Wed May 14 10:40:11 MSK 2025","Wed May 14 10:40:20 MSK 2025","8429","","Казуальные дымовые тесты - Документы - Открытие, проведение, запись","","","","Запись элемента документа ""Отключение контроля себестоимости по номенклатуре"" (ОтключениеКонтроляМинимальнойСебестоимости)",""
"passed","Wed May 14 10:16:05 MSK 2025","Wed May 14 10:16:13 MSK 2025","8525","","Создание Заказа клиента и сборки","","","","Проверка печатной формы заказа на сборку",""
"passed","Wed May 14 12:25:12 MSK 2025","Wed May 14 12:25:20 MSK 2025","7795","","Казуальные дымовые тесты - Справочники - Запись","","","","Запись элемента справочника ""Источники данных сводных таблиц"" (ИсточникиДанныхСводныхТаблиц)",""
"failed","Wed May 14 10:32:50 MSK 2025","Wed May 14 10:33:06 MSK 2025","15930","","Казуальные дымовые тесты - Документы - Открытие, проведение, запись","","","","Запись элемента документа ""Корректировка регистров"" (КорректировкаРегистров)",""
"failed","Wed May 14 10:39:25 MSK 2025","Wed May 14 10:39:39 MSK 2025","13777","","Казуальные дымовые тесты - Документы - Открытие, проведение, запись","","","","Запись элемента документа ""Установка соответствия по менеджерам партнера"" (УстановкаСоответствияПоМенеджерамПартнера)",""
"passed","Wed May 14 10:11:28 MSK 2025","Wed May 14 10:11:30 MSK 2025","2039","","Заказ клиента на 10 позиций","","","","Закрываем клиент тестирования",""
"failed","Wed May 14 10:34:48 MSK 2025","Wed May 14 10:35:03 MSK 2025","15355","","Казуальные дымовые тесты - Документы - Открытие, проведение, запись","","","","Запись элемента документа ""Отчет комиссионера о списании"" (ОтчетКомиссионераОСписании)",""
"failed","Wed May 14 10:34:25 MSK 2025","Wed May 14 10:34:41 MSK 2025","15538","","Казуальные дымовые тесты - Документы - Открытие, проведение, запись","","","","Запись элемента документа ""Корректировка реализации"" (КорректировкаРеализации)",""
"passed","Wed May 14 12:14:19 MSK 2025","Wed May 14 12:14:27 MSK 2025","7853","","Казуальные дымовые тесты - Справочники - Запись","","","","Запись элемента справочника ""Пользовательские настройки отчетов"" (ПользовательскиеНастройкиОтчетов)",""
"passed","Wed May 14 10:26:42 MSK 2025","Wed May 14 10:26:53 MSK 2025","10499","","Казуальные дымовые тесты - Документы - Открытие, проведение, запись","","","","Запись элемента документа ""Возврат в оборот ИС МП"" (ВозвратВОборотИСМП)",""
"failed","Wed May 14 10:31:57 MSK 2025","Wed May 14 10:32:11 MSK 2025","14547","","Казуальные дымовые тесты - Документы - Открытие, проведение, запись","","","","Запись элемента документа ""Пересчет товаров"" (ПересчетТоваров)",""
"failed","Wed May 14 13:00:05 MSK 2025","Wed May 14 13:00:34 MSK 2025","28963","","Критические дымовые тесты - Справочники - Запись","","","","Запись элемента справочника ""Объекты расчетов"" (ОбъектыРасчетов)",""
"passed","Wed May 14 12:22:35 MSK 2025","Wed May 14 12:22:43 MSK 2025","7746","","Казуальные дымовые тесты - Справочники - Запись","","","","Запись элемента справочника ""Настройки событий рассылок"" (НастройкиСобытийРассылок)",""
"passed","Wed May 14 12:01:37 MSK 2025","Wed May 14 12:02:09 MSK 2025","31697","","Казуальные дымовые тесты - Справочники - Запись","","","","Запись элемента справочника ""Дополнительные значения аналитик и субконто"" (бит_ДополнительныеЗначенияАналитик)",""
"passed","Wed May 14 12:59:28 MSK 2025","Wed May 14 12:59:39 MSK 2025","10764","","Казуальные дымовые тесты - Справочники - Запись","","","","Запись элемента справочника ""Физические лица"" (ФизическиеЛица)",""
"passed","Wed May 14 12:52:49 MSK 2025","Wed May 14 12:52:57 MSK 2025","7732","","Казуальные дымовые тесты - Справочники - Запись","","","","Запись элемента справочника ""Виды цен поставщиков"" (ВидыЦенПоставщиков)",""
"failed","Wed May 14 10:54:27 MSK 2025","Wed May 14 10:54:44 MSK 2025","16863","","Критические дымовые тесты - Документы - Открытие, проведение, запись","","","","Запись элемента документа ""Прием товаров"" (ТСД_ПриемТоваров)",""
"passed","Wed May 14 12:52:33 MSK 2025","Wed May 14 12:52:41 MSK 2025","7732","","Казуальные дымовые тесты - Справочники - Запись","","","","Запись элемента справочника ""Сайты"" (Сайты)",""
"passed","Wed May 14 10:17:24 MSK 2025","Wed May 14 10:17:48 MSK 2025","23984","","Заявка на расход ДС","","","","Формирование заявки на расход ДС",""
"failed","Wed May 14 10:35:34 MSK 2025","Wed May 14 10:35:46 MSK 2025","11633","","Казуальные дымовые тесты - Документы - Открытие, проведение, запись","","","","Запись элемента документа ""Исходящий электронный документ"" (ЭлектронныйДокументИсходящийЭДО)",""
"passed","Wed May 14 12:09:07 MSK 2025","Wed May 14 12:09:15 MSK 2025","7826","","Казуальные дымовые тесты - Справочники - Запись","","","","Запись элемента справочника ""ТН ВЭД"" (КлассификаторТНВЭД)",""
"passed","Wed May 14 12:13:01 MSK 2025","Wed May 14 12:13:10 MSK 2025","8273","","Казуальные дымовые тесты - Справочники - Запись","","","","Запись элемента справочника ""Детали тренажеров"" (ДеталиТренажеров)",""
"passed","Wed May 14 12:48:39 MSK 2025","Wed May 14 12:48:53 MSK 2025","13703","","Казуальные дымовые тесты - Справочники - Запись","","","","Запись элемента справочника ""Триггеры"" (CRM_Триггеры)",""
"passed","Wed May 14 10:53:07 MSK 2025","Wed May 14 10:53:17 MSK 2025","9516","","Критические дымовые тесты - Документы - Открытие, проведение, запись","","","","Запись элемента документа ""Реестр отгрузки"" (РеестрОтгрузки)",""
"passed","Wed May 14 11:06:15 MSK 2025","Wed May 14 11:06:23 MSK 2025","7761","","Казуальные дымовые тесты - Справочники - Запись","","","","Запись элемента справочника ""Коробки составных товаров"" (КоробкиСоставныхТоваров)",""
"passed","Wed May 14 12:12:33 MSK 2025","Wed May 14 12:12:42 MSK 2025","8889","","Казуальные дымовые тесты - Справочники - Запись","","","","Запись элемента справочника ""Марки (бренды)"" (Марки)",""
"passed","Wed May 14 12:49:25 MSK 2025","Wed May 14 12:49:34 MSK 2025","8880","","Казуальные дымовые тесты - Справочники - Запись","","","","Запись элемента справочника ""Эквайринговые терминалы"" (ЭквайринговыеТерминалы)",""
"failed","Wed May 14 10:41:40 MSK 2025","Wed May 14 10:41:55 MSK 2025","14521","","Критические дымовые тесты - Документы - Открытие, проведение, запись","","","","Запись элемента документа ""Регистратор расчетов"" (РегистраторРасчетов)",""
"failed","Wed May 14 10:45:31 MSK 2025","Wed May 14 10:45:47 MSK 2025","15302","","Критические дымовые тесты - Документы - Открытие, проведение, запись","","","","Запись элемента документа ""Списание безналичных денежных средств"" (СписаниеБезналичныхДенежныхСредств)",""
"passed","Wed May 14 10:17:13 MSK 2025","Wed May 14 10:17:13 MSK 2025","21","","Заявка на расход ДС","","","","Закрыть окно о копии базы",""
"passed","Wed May 14 12:59:39 MSK 2025","Wed May 14 12:59:40 MSK 2025","1220","","Казуальные дымовые тесты - Справочники - Запись","","","","Закрываем клиент тестирования",""
"passed","Wed May 14 10:57:59 MSK 2025","Wed May 14 10:58:06 MSK 2025","7139","","Критические дымовые тесты - Документы - Открытие, проведение, запись","","","","Запись элемента документа ""Заявки на услуги сервиса и доставку"" (ЗаявкиНаУслугиСервиса)",""
"passed","Wed May 14 12:24:26 MSK 2025","Wed May 14 12:24:35 MSK 2025","8682","","Казуальные дымовые тесты - Справочники - Запись","","","","Запись элемента справочника ""Шаблоны этикеток и ценников"" (ШаблоныЭтикетокИЦенников)",""
"passed","Wed May 14 12:22:13 MSK 2025","Wed May 14 12:22:21 MSK 2025","7785","","Казуальные дымовые тесты - Справочники - Запись","","","","Запись элемента справочника ""Виды брака"" (ВидыБрака)",""
"failed","Wed May 14 10:38:14 MSK 2025","Wed May 14 10:38:38 MSK 2025","23429","","Казуальные дымовые тесты - Документы - Открытие, проведение, запись","","","","Запись элемента документа ""Заказ на эмиссию кодов маркировки СУЗ ИСМП"" (ЗаказНаЭмиссиюКодовМаркировкиСУЗ)",""
"passed","Wed May 14 12:10:59 MSK 2025","Wed May 14 12:11:19 MSK 2025","19937","","Казуальные дымовые тесты - Справочники - Запись","","","","Запись группы элементов справочника ""Группы доступа"" (ГруппыДоступа)",""
"passed","Wed May 14 12:25:25 MSK 2025","Wed May 14 12:48:39 MSK 2025","1393607","","Казуальные дымовые тесты - Справочники - Запись","","","","Запись элемента справочника ""Ключи расчета сводных таблиц"" (КлючиРасчетаСводныхТаблиц)",""
"passed","Wed May 14 12:50:48 MSK 2025","Wed May 14 12:51:00 MSK 2025","11784","","Казуальные дымовые тесты - Справочники - Запись","","","","Запись элемента группы справочника ""Сегменты клиентов"" (СегментыПартнеров)",""
"passed","Wed May 14 12:21:55 MSK 2025","Wed May 14 12:22:05 MSK 2025","9779","","Казуальные дымовые тесты - Справочники - Запись","","","","Запись элемента справочника ""Страны мира"" (СтраныМира)",""
"failed","Wed May 14 10:50:35 MSK 2025","Wed May 14 10:50:51 MSK 2025","15369","","Критические дымовые тесты - Документы - Открытие, проведение, запись","","","","Запись элемента документа ""Приобретение услуг и прочих активов"" (ПриобретениеУслугПрочихАктивов)",""
"passed","Wed May 14 13:03:56 MSK 2025","Wed May 14 13:04:27 MSK 2025","30985","","Критические дымовые тесты - Справочники - Запись","","","","Запись элемента справочника ""Отчеты"" (ВариантыОтчетов)",""
"passed","Wed May 14 12:20:11 MSK 2025","Wed May 14 12:20:20 MSK 2025","8838","","Казуальные дымовые тесты - Справочники - Запись","","","","Запись элемента справочника ""Виды контактной информации"" (ВидыКонтактнойИнформации)",""
"failed","Wed May 14 10:19:18 MSK 2025","Wed May 14 10:19:38 MSK 2025","20380","","Казуальные дымовые тесты - Документы - Открытие, проведение, запись","","","","Запись элемента документа ""Распределение расходов"" (РаспределениеПрочихЗатрат)",""
"passed","Wed May 14 12:03:15 MSK 2025","Wed May 14 12:03:23 MSK 2025","7627","","Казуальные дымовые тесты - Справочники - Запись","","","","Запись элемента справочника ""Бизнес-регионы"" (БизнесРегионы)",""
"failed","Wed May 14 10:42:26 MSK 2025","Wed May 14 10:42:40 MSK 2025","14457","","Критические дымовые тесты - Документы - Открытие, проведение, запись","","","","Запись элемента документа ""Счет-фактура выданный"" (СчетФактураВыданный)",""
"passed","Wed May 14 12:49:04 MSK 2025","Wed May 14 12:49:12 MSK 2025","7724","","Казуальные дымовые тесты - Справочники - Запись","","","","Запись элемента справочника ""Сертификаты ключей электронной подписи и шифрования"" (СертификатыКлючейЭлектроннойПодписиИШифрования)",""
"passed","Wed May 14 12:08:53 MSK 2025","Wed May 14 12:09:07 MSK 2025","13892","","Казуальные дымовые тесты - Справочники - Запись","","","","Запись элемента справочника ""Пользователи"" (Пользователи)",""
"passed","Wed May 14 12:13:32 MSK 2025","Wed May 14 12:13:40 MSK 2025","7718","","Казуальные дымовые тесты - Справочники - Запись","","","","Запись элемента справочника ""Оптовая классификация"" (ОптоваяКлассификация)",""
"failed","Wed May 14 10:58:28 MSK 2025","Wed May 14 10:58:43 MSK 2025","14383","","Критические дымовые тесты - Документы - Открытие, проведение, запись","","","","Запись элемента документа ""Размещение коробок"" (РазмещениеКоробок)",""
"passed","Wed May 14 10:18:28 MSK 2025","Wed May 14 10:18:30 MSK 2025","1828","","проверка формирования УПД","","","","Закрываем клиент тестирования",""
"failed","Wed May 14 10:23:57 MSK 2025","Wed May 14 10:24:10 MSK 2025","13704","","Казуальные дымовые тесты - Документы - Открытие, проведение, запись","","","","Запись элемента документа ""Рекламация"" (Рекламация)",""
"passed","Wed May 14 12:13:48 MSK 2025","Wed May 14 12:14:00 MSK 2025","11902","","Казуальные дымовые тесты - Справочники - Запись","","","","Запись элемента группы справочника ""Товарные категории"" (ТоварныеКатегории)",""
"failed","Wed May 14 10:23:22 MSK 2025","Wed May 14 10:23:37 MSK 2025","15505","","Казуальные дымовые тесты - Документы - Открытие, проведение, запись","","","","Запись элемента документа ""Сверка взаиморасчетов"" (СверкаВзаиморасчетов)",""
"passed","Wed May 14 12:52:13 MSK 2025","Wed May 14 12:52:18 MSK 2025","5209","","Казуальные дымовые тесты - Справочники - Запись","","","","Запись элемента справочника ""Настройки выгрузки прайсов"" (НастройкиВыгрузкиПрайсов)",""
"passed","Wed May 14 12:58:05 MSK 2025","Wed May 14 12:58:13 MSK 2025","7813","","Казуальные дымовые тесты - Справочники - Запись","","","","Запись элемента справочника ""Коробки номенклатуры"" (КоробкиНоменклатуры)",""
"passed","Wed May 14 10:25:03 MSK 2025","Wed May 14 10:25:12 MSK 2025","8665","","Казуальные дымовые тесты - Документы - Открытие, проведение, запись","","","","Запись элемента документа ""Финансы маркетплейсов"" (ФинансыМаркетплейсов)",""
"passed","Wed May 14 13:02:31 MSK 2025","Wed May 14 13:02:45 MSK 2025","13754","","Критические дымовые тесты - Справочники - Запись","","","","Запись элемента справочника ""Контрагенты"" (Контрагенты)",""
"failed","Wed May 14 10:19:46 MSK 2025","Wed May 14 10:20:03 MSK 2025","17421","","Казуальные дымовые тесты - Документы - Открытие, проведение, запись","","","","Запись элемента документа ""Приобретение товаров и услуг"" (ПриобретениеТоваровУслуг)",""
"failed","Wed May 14 11:00:13 MSK 2025","Wed May 14 11:00:30 MSK 2025","16331","","Критические дымовые тесты - Документы - Открытие, проведение, запись","","","","Запись элемента документа ""Бронирование тендеров"" (БронированиеТендеров)",""
"failed","Wed May 14 10:30:47 MSK 2025","Wed May 14 10:31:00 MSK 2025","13663","","Казуальные дымовые тесты - Документы - Открытие, проведение, запись","","","","Запись элемента документа ""Инвентаризация"" (ТСД_Инвентаризация)",""
"passed","Wed May 14 12:57:15 MSK 2025","Wed May 14 12:57:24 MSK 2025","8598","","Казуальные дымовые тесты - Справочники - Запись","","","","Запись элемента справочника ""Графики работы"" (Календари)",""
"failed","Wed May 14 10:44:58 MSK 2025","Wed May 14 10:45:24 MSK 2025","25463","","Критические дымовые тесты - Документы - Открытие, проведение, запись","","","","Запись элемента документа ""Заказ-наряд"" (ЗаказНаряд)",""
"passed","Wed May 14 12:50:05 MSK 2025","Wed May 14 12:50:10 MSK 2025","4845","","Казуальные дымовые тесты - Справочники - Запись","","","","Запись элемента группы справочника ""Рассылки отчетов"" (РассылкиОтчетов)",""
"passed","Wed May 14 12:20:41 MSK 2025","Wed May 14 12:20:50 MSK 2025","8767","","Казуальные дымовые тесты - Справочники - Запись","","","","Запись элемента справочника ""Роли контактных лиц "" (РолиКонтактныхЛицПартнеров)",""
"failed","Wed May 14 12:11:31 MSK 2025","Wed May 14 12:11:45 MSK 2025","14303","","Казуальные дымовые тесты - Справочники - Запись","","","","Запись элемента справочника ""Наборы групп доступа"" (НаборыГруппДоступа)",""
"failed","Wed May 14 10:22:14 MSK 2025","Wed May 14 10:22:28 MSK 2025","14260","","Казуальные дымовые тесты - Документы - Открытие, проведение, запись","","","","Запись элемента документа ""Внутреннее потребление товаров"" (ВнутреннееПотреблениеТоваров)",""
"passed","Wed May 14 10:25:12 MSK 2025","Wed May 14 10:25:28 MSK 2025","15801","","Казуальные дымовые тесты - Документы - Открытие, проведение, запись","","","","Запись элемента документа ""Взаимодействие"" (CRM_Взаимодействие)",""
"passed","Wed May 14 10:31:16 MSK 2025","Wed May 14 10:31:57 MSK 2025","40630","","Казуальные дымовые тесты - Документы - Открытие, проведение, запись","","","","Запись элемента документа ""Назначение соответствия аналитик"" (бит_НазначениеСоответствияАналитик)",""
"passed","Wed May 14 11:02:17 MSK 2025","Wed May 14 11:03:03 MSK 2025","45209","","Критические дымовые тесты - Документы - Открытие, проведение, запись","","","","Запись элемента документа ""Задание на перевозку"" (ЗаданиеНаПеревозку)",""
"passed","Wed May 14 12:20:50 MSK 2025","Wed May 14 12:21:43 MSK 2025","52867","","Казуальные дымовые тесты - Справочники - Запись","","","","Запись элемента группы справочника ""Виды цен (Колонки прайс-листа)"" (ВидыЦен)",""
"passed","Wed May 14 12:50:10 MSK 2025","Wed May 14 12:50:34 MSK 2025","23925","","Казуальные дымовые тесты - Справочники - Запись","","","","Запись элемента справочника ""Рассылки отчетов"" (РассылкиОтчетов)",""
"failed","Wed May 14 10:22:36 MSK 2025","Wed May 14 10:22:50 MSK 2025","14250","","Казуальные дымовые тесты - Документы - Открытие, проведение, запись","","","","Запись элемента документа ""Операция по платежной карте"" (ОперацияПоПлатежнойКарте)",""
"failed","Wed May 14 10:56:53 MSK 2025","Wed May 14 10:57:08 MSK 2025","14428","","Критические дымовые тесты - Документы - Открытие, проведение, запись","","","","Запись элемента документа ""Корректировка задолженности"" (КорректировкаЗадолженности)",""
"passed","Wed May 14 12:00:35 MSK 2025","Wed May 14 12:01:06 MSK 2025","30712","","Казуальные дымовые тесты - Справочники - Запись","","","","Запись элемента справочника ""Виды номенклатуры"" (ВидыНоменклатуры)",""
"passed","Wed May 14 12:10:41 MSK 2025","Wed May 14 12:10:52 MSK 2025","10780","","Казуальные дымовые тесты - Справочники - Запись","","","","Запись элемента справочника ""Профили групп доступа"" (ПрофилиГруппДоступа)",""
"passed","Wed May 14 12:12:42 MSK 2025","Wed May 14 12:12:47 MSK 2025","5034","","Казуальные дымовые тесты - Справочники - Запись","","","","Запись элемента группы справочника ""Производители"" (Производители)",""
"passed","Wed May 14 12:22:05 MSK 2025","Wed May 14 12:22:13 MSK 2025","7878","","Казуальные дымовые тесты - Справочники - Запись","","","","Запись элемента справочника ""Настройки формирования остатков ФА (УОТ ФА)"" (CG_Online_НастройкиФормированияОстатков_ФА)",""
"passed","Wed May 14 12:14:36 MSK 2025","Wed May 14 12:14:44 MSK 2025","7745","","Казуальные дымовые тесты - Справочники - Запись","","","","Запись элемента справочника ""Промокоды"" (Промокоды)",""
"failed","Wed May 14 11:03:03 MSK 2025","Wed May 14 11:03:18 MSK 2025","14687","","Критические дымовые тесты - Документы - Открытие, проведение, запись","","","","Запись элемента документа ""Ордер на отражение порчи товаров"" (ОрдерНаОтражениеПорчиТоваров)",""
"failed","Wed May 14 10:26:19 MSK 2025","Wed May 14 10:26:34 MSK 2025","15533","","Казуальные дымовые тесты - Документы - Открытие, проведение, запись","","","","Запись элемента документа ""Отчет комиссионера (агента) о продажах"" (ОтчетКомиссионера)",""
"passed","Wed May 14 12:57:10 MSK 2025","Wed May 14 12:57:15 MSK 2025","4770","","Казуальные дымовые тесты - Справочники - Запись","","","","Запись элемента группы справочника ""Графики работы"" (Календари)",""
"passed","Wed May 14 12:14:44 MSK 2025","Wed May 14 12:14:55 MSK 2025","10890","","Казуальные дымовые тесты - Справочники - Запись","","","","Запись элемента справочника ""Банковские счета организаций"" (БанковскиеСчетаОрганизаций)",""
"passed","Wed May 14 12:15:22 MSK 2025","Wed May 14 12:15:31 MSK 2025","8501","","Казуальные дымовые тесты - Справочники - Запись","","","","Запись элемента справочника ""Статьи движения денежных средств"" (СтатьиДвиженияДенежныхСредств)",""
"failed","Wed May 14 10:27:49 MSK 2025","Wed May 14 10:28:02 MSK 2025","13313","","Казуальные дымовые тесты - Документы - Открытие, проведение, запись","","","","Запись элемента документа ""Выемка денежных средств из кассы ККМ"" (ВыемкаДенежныхСредствИзКассыККМ)",""
"passed","Wed May 14 12:20:31 MSK 2025","Wed May 14 12:20:41 MSK 2025","9899","","Казуальные дымовые тесты - Справочники - Запись","","","","Запись элемента справочника ""Настройки загрузки номенклатуры"" (НастройкиЗагрузкиНоменклатуры)",""
"passed","Wed May 14 12:57:32 MSK 2025","Wed May 14 12:57:40 MSK 2025","7774","","Казуальные дымовые тесты - Справочники - Запись","","","","Запись элемента справочника ""Иерархия дополнительных реквизитов"" (ИерархияДополнительныхРеквизитов)",""
"passed","Wed May 14 12:49:39 MSK 2025","Wed May 14 12:49:47 MSK 2025","7610","","Казуальные дымовые тесты - Справочники - Запись","","","","Запись элемента справочника ""Роли исполнителей"" (РолиИсполнителей)",""
"failed","Wed May 14 10:26:53 MSK 2025","Wed May 14 10:27:06 MSK 2025","13622","","Казуальные дымовые тесты - Документы - Открытие, проведение, запись","","","","Запись элемента документа ""Приход по коробкам"" (ПриходПоКоробкам)",""
"passed","Wed May 14 10:16:59 MSK 2025","Wed May 14 10:17:00 MSK 2025","244","","Заявка на расход ДС","","","","выключение уведомлений",""
"passed","Wed May 14 10:46:34 MSK 2025","Wed May 14 10:47:16 MSK 2025","41461","","Критические дымовые тесты - Документы - Открытие, проведение, запись","","","","Запись элемента документа ""Платежная позиция"" (бит_кзн_ПлатежнаяПозиция)",""
"failed","Wed May 14 10:38:45 MSK 2025","Wed May 14 10:39:03 MSK 2025","17412","","Казуальные дымовые тесты - Документы - Открытие, проведение, запись","","","","Запись элемента документа ""Исправление развернутого сальдо товаров организаций"" (ИсправлениеРазвернутогоСальдоТоваровОрганизаций)",""
"failed","Wed May 14 11:08:13 MSK 2025","Wed May 14 11:08:27 MSK 2025","13505","","Казуальные дымовые тесты - Справочники - Запись","","","","Запись элемента справочника ""Наборы дополнительных реквизитов и сведений"" (НаборыДополнительныхРеквизитовИСведений)",""
"passed","Wed May 14 12:16:08 MSK 2025","Wed May 14 12:19:27 MSK 2025","198757","","Казуальные дымовые тесты - Справочники - Запись","","","","Запись элемента справочника ""Склады"" (Склады)",""
"passed","Wed May 14 12:51:17 MSK 2025","Wed May 14 12:51:48 MSK 2025","31052","","Казуальные дымовые тесты - Справочники - Запись","","","","Запись элемента справочника ""ЦФО"" (Подразделения)",""
"passed","Wed May 14 12:15:31 MSK 2025","Wed May 14 12:16:08 MSK 2025","36682","","Казуальные дымовые тесты - Справочники - Запись","","","","Запись элемента группы справочника ""Склады"" (Склады)",""
"passed","Wed May 14 10:40:38 MSK 2025","Wed May 14 10:40:39 MSK 2025","1221","","Казуальные дымовые тесты - Документы - Открытие, проведение, запись","","","","Закрываем клиент тестирования",""
"passed","Wed May 14 12:02:14 MSK 2025","Wed May 14 12:02:24 MSK 2025","9557","","Казуальные дымовые тесты - Справочники - Запись","","","","Запись элемента справочника ""Потенциальные клиенты"" (CRM_ПотенциальныеКлиенты)",""
"passed","Wed May 14 12:02:09 MSK 2025","Wed May 14 12:02:14 MSK 2025","4847","","Казуальные дымовые тесты - Справочники - Запись","","","","Запись элемента группы справочника ""Потенциальные клиенты"" (CRM_ПотенциальныеКлиенты)",""
"passed","Wed May 14 11:06:32 MSK 2025","Wed May 14 11:06:42 MSK 2025","9840","","Казуальные дымовые тесты - Справочники - Запись","","","","Запись элемента справочника ""Соглашения об условиях продаж"" (СоглашенияСКлиентами)",""
"failed","Wed May 14 10:59:52 MSK 2025","Wed May 14 11:00:06 MSK 2025","13910","","Критические дымовые тесты - Документы - Открытие, проведение, запись","","","","Запись элемента документа ""Ордер на отражение недостач товаров"" (ОрдерНаОтражениеНедостачТоваров)",""
"passed","Wed May 14 13:02:23 MSK 2025","Wed May 14 13:02:31 MSK 2025","7906","","Критические дымовые тесты - Справочники - Запись","","","","Запись элемента справочника ""Серии номенклатуры"" (СерииНоменклатуры)",""
"passed","Wed May 14 12:24:45 MSK 2025","Wed May 14 12:25:12 MSK 2025","26787","","Казуальные дымовые тесты - Справочники - Запись","","","","Запись элемента группы справочника ""Источники данных сводных таблиц"" (ИсточникиДанныхСводныхТаблиц)",""
"passed","Wed May 14 12:08:44 MSK 2025","Wed May 14 12:08:53 MSK 2025","8788","","Казуальные дымовые тесты - Справочники - Запись","","","","Запись элемента справочника ""Претензии"" (Претензии)",""
"passed","Wed May 14 12:51:48 MSK 2025","Wed May 14 12:52:13 MSK 2025","24592","","Казуальные дымовые тесты - Справочники - Запись","","","","Запись элемента справочника ""Виды карт лояльности"" (ВидыКартЛояльности)",""
"passed","Wed May 14 12:49:47 MSK 2025","Wed May 14 12:49:54 MSK 2025","6881","","Казуальные дымовые тесты - Справочники - Запись","","","","Запись элемента справочника ""Типы коробок"" (ТипыКоробок)",""
"failed","Wed May 14 10:55:36 MSK 2025","Wed May 14 10:55:51 MSK 2025","14744","","Критические дымовые тесты - Документы - Открытие, проведение, запись","","","","Запись элемента документа ""Ордер на перемещение товаров"" (ОрдерНаПеремещениеТоваров)",""
"passed","Wed May 14 12:55:05 MSK 2025","Wed May 14 12:55:13 MSK 2025","7785","","Казуальные дымовые тесты - Справочники - Запись","","","","Запись элемента справочника ""Зоны доставки"" (ЗоныДоставки)",""
"passed","Wed May 14 12:12:02 MSK 2025","Wed May 14 12:12:27 MSK 2025","25159","","Казуальные дымовые тесты - Справочники - Запись","","","","Запись элемента справочника ""Дополнительные отчеты и обработки"" (ДополнительныеОтчетыИОбработки)",""
"passed","Wed May 14 12:19:37 MSK 2025","Wed May 14 12:20:04 MSK 2025","27437","","Казуальные дымовые тесты - Справочники - Запись","","","","Запись элемента справочника ""Настройки почты"" (УчетныеЗаписиЭлектроннойПочты)",""
"passed","Wed May 14 12:12:56 MSK 2025","Wed May 14 12:13:01 MSK 2025","5356","","Казуальные дымовые тесты - Справочники - Запись","","","","Запись элемента группы справочника ""Детали тренажеров"" (ДеталиТренажеров)",""
"passed","Wed May 14 12:22:21 MSK 2025","Wed May 14 12:22:26 MSK 2025","5158","","Казуальные дымовые тесты - Справочники - Запись","","","","Запись элемента группы справочника ""Условия предоставления скидок (наценок)"" (УсловияПредоставленияСкидокНаценок)",""
"passed","Wed May 14 10:18:30 MSK 2025","Wed May 14 10:18:53 MSK 2025","23197","","Казуальные дымовые тесты - Документы - Открытие, проведение, запись","","","","Закрыть окно о копии базы",""
"failed","Wed May 14 10:50:13 MSK 2025","Wed May 14 10:50:28 MSK 2025","14368","","Критические дымовые тесты - Документы - Открытие, проведение, запись","","","","Запись элемента документа ""Отчет банка по операциям эквайринга"" (ОтчетБанкаПоОперациямЭквайринга)",""
"passed","Wed May 14 10:17:50 MSK 2025","Wed May 14 10:18:19 MSK 2025","28655","","проверка формирования УПД","","","","сброс пароля пользователя",""
"passed","Wed May 14 13:00:57 MSK 2025","Wed May 14 13:01:27 MSK 2025","29808","","Критические дымовые тесты - Справочники - Запись","","","","Запись элемента группы справочника ""Номенклатура"" (Номенклатура)",""
"failed","Wed May 14 10:35:11 MSK 2025","Wed May 14 10:35:26 MSK 2025","15189","","Казуальные дымовые тесты - Документы - Открытие, проведение, запись","","","","Запись элемента документа ""Возврат товаров между организациями"" (ВозвратТоваровМеждуОрганизациями)",""
"passed","Wed May 14 12:24:09 MSK 2025","Wed May 14 12:24:18 MSK 2025","8322","","Казуальные дымовые тесты - Справочники - Запись","","","","Запись элемента справочника ""Пользователи терминалов сбора данных"" (ТСД_Пользователи)",""
"passed","Wed May 14 10:36:24 MSK 2025","Wed May 14 10:36:35 MSK 2025","11175","","Казуальные дымовые тесты - Документы - Открытие, проведение, запись","","","","Запись элемента документа ""Регистрация цен номенклатуры поставщика"" (РегистрацияЦенНоменклатурыПоставщика)",""
"passed","Wed May 14 12:52:26 MSK 2025","Wed May 14 12:52:33 MSK 2025","6806","","Казуальные дымовые тесты - Справочники - Запись","","","","Запись элемента справочника ""Каналы продаж"" (КаналыПродаж)",""
"passed","Wed May 14 10:16:57 MSK 2025","Wed May 14 10:16:59 MSK 2025","1622","","Создание Заказа клиента и сборки","","","","Закрываем клиент тестирования",""
"passed","Wed May 14 12:58:13 MSK 2025","Wed May 14 12:59:28 MSK 2025","74763","","Казуальные дымовые тесты - Справочники - Запись","","","","Запись элемента группы справочника ""Физические лица"" (ФизическиеЛица)",""
"passed","Wed May 14 12:52:18 MSK 2025","Wed May 14 12:52:26 MSK 2025","7372","","Казуальные дымовые тесты - Справочники - Запись","","","","Запись элемента справочника ""Ставки НДС"" (СтавкиНДС)",""
"failed","Wed May 14 10:52:15 MSK 2025","Wed May 14 10:52:57 MSK 2025","41506","","Критические дымовые тесты - Документы - Открытие, проведение, запись","","","","Запись элемента документа ""Заявка на возврат товаров от клиента"" (ЗаявкаНаВозвратТоваровОтКлиента)",""
"passed","Wed May 14 11:05:46 MSK 2025","Wed May 14 11:05:54 MSK 2025","7789","","Казуальные дымовые тесты - Справочники - Запись","","","","Запись элемента справочника ""Ключи аналитики учета по партнерам"" (КлючиАналитикиУчетаПоПартнерам)",""
"passed","Wed May 14 10:40:20 MSK 2025","Wed May 14 10:40:29 MSK 2025","8708","","Казуальные дымовые тесты - Документы - Открытие, проведение, запись","","","","Запись элемента документа ""Установка порогов оповещения остатков"" (УстановкаПороговОповещенияОстатков)",""
"passed","Wed May 14 12:52:41 MSK 2025","Wed May 14 12:52:49 MSK 2025","7807","","Казуальные дымовые тесты - Справочники - Запись","","","","Запись элемента справочника ""Фазы"" (Фазы)",""
"failed","Wed May 14 10:34:02 MSK 2025","Wed May 14 10:34:17 MSK 2025","15402","","Казуальные дымовые тесты - Документы - Открытие, проведение, запись","","","","Запись элемента документа ""Акт о расхождениях после приемки"" (АктОРасхожденияхПослеПриемки)",""
"passed","Wed May 14 12:11:53 MSK 2025","Wed May 14 12:12:02 MSK 2025","8320","","Казуальные дымовые тесты - Справочники - Запись","","","","Запись элемента группы справочника ""Дополнительные отчеты и обработки"" (ДополнительныеОтчетыИОбработки)",""
"passed","Wed May 14 11:05:21 MSK 2025","Wed May 14 11:05:46 MSK 2025","24427","","Казуальные дымовые тесты - Справочники - Запись","","","","Закрыть окно о копии базы",""
"failed","Wed May 14 11:04:10 MSK 2025","Wed May 14 11:04:30 MSK 2025","19236","","Критические дымовые тесты - Документы - Открытие, проведение, запись","","","","Запись элемента документа ""Согласование скидок"" (СогласованиеСкидок)",""
"failed","Wed May 14 11:01:55 MSK 2025","Wed May 14 11:02:10 MSK 2025","14468","","Критические дымовые тесты - Документы - Открытие, проведение, запись","","","","Запись элемента документа ""Ордер на отражение пересортицы товаров"" (ОрдерНаОтражениеПересортицыТоваров)",""
"failed","Wed May 14 10:49:50 MSK 2025","Wed May 14 10:50:06 MSK 2025","15302","","Критические дымовые тесты - Документы - Открытие, проведение, запись","","","","Запись элемента документа ""Расходный кассовый ордер"" (РасходныйКассовыйОрдер)",""
"passed","Wed May 14 12:59:40 MSK 2025","Wed May 14 13:00:04 MSK 2025","24326","","Критические дымовые тесты - Справочники - Запись","","","","Закрыть окно о копии базы",""
"failed","Wed May 14 11:06:50 MSK 2025","Wed May 14 11:07:04 MSK 2025","13887","","Казуальные дымовые тесты - Справочники - Запись","","","","Запись элемента справочника ""Идентификаторы объектов метаданных"" (ИдентификаторыОбъектовМетаданных)",""
"failed","Wed May 14 10:33:16 MSK 2025","Wed May 14 10:33:32 MSK 2025","16312","","Казуальные дымовые тесты - Документы - Открытие, проведение, запись","","","","Запись элемента документа ""Корректировка приобретения"" (КорректировкаПриобретения)",""
"passed","Wed May 14 10:50:58 MSK 2025","Wed May 14 10:51:16 MSK 2025","18291","","Критические дымовые тесты - Документы - Открытие, проведение, запись","","","","Запись элемента документа ""Интерес/Обращение"" (CRM_Интерес)",""
"passed","Wed May 14 13:02:45 MSK 2025","Wed May 14 13:03:12 MSK 2025","26692","","Критические дымовые тесты - Справочники - Запись","","","","Запись элемента справочника ""Партнеры"" (Партнеры)",""
"passed","Wed May 14 11:06:23 MSK 2025","Wed May 14 11:06:32 MSK 2025","8777","","Казуальные дымовые тесты - Справочники - Запись","","","","Запись элемента справочника ""Банковские счета"" (БанковскиеСчетаКонтрагентов)",""
"failed","Wed May 14 10:22:58 MSK 2025","Wed May 14 10:23:14 MSK 2025","16472","","Казуальные дымовые тесты - Документы - Открытие, проведение, запись","","","","Запись элемента документа ""Установка цен номенклатуры"" (УстановкаЦенНоменклатуры)",""
"passed","Wed May 14 12:03:23 MSK 2025","Wed May 14 12:03:33 MSK 2025","9731","","Казуальные дымовые тесты - Справочники - Запись","","","","Запись элемента справочника ""Соглашения об условиях закупок"" (СоглашенияСПоставщиками)",""
"passed","Wed May 14 10:11:51 MSK 2025","Wed May 14 10:12:03 MSK 2025","12160","","Создание Заказа клиента и сборки","","","","Закрыть окно о копии базы",""
"passed","Wed May 14 12:49:20 MSK 2025","Wed May 14 12:49:25 MSK 2025","4911","","Казуальные дымовые тесты - Справочники - Запись","","","","Запись элемента группы справочника ""Эквайринговые терминалы"" (ЭквайринговыеТерминалы)",""
"passed","Wed May 14 12:25:20 MSK 2025","Wed May 14 12:25:25 MSK 2025","5067","","Казуальные дымовые тесты - Справочники - Запись","","","","Запись элемента группы справочника ""Ключи расчета сводных таблиц"" (КлючиРасчетаСводныхТаблиц)",""
"passed","Wed May 14 12:10:52 MSK 2025","Wed May 14 12:10:59 MSK 2025","6777","","Казуальные дымовые тесты - Справочники - Запись","","","","Запись элемента справочника ""Группы складских ячеек"" (ТСД_ГруппыСкладскихЯчеек)",""
"passed","Wed May 14 12:22:50 MSK 2025","Wed May 14 12:23:09 MSK 2025","18731","","Казуальные дымовые тесты - Справочники - Запись","","","","Запись элемента справочника ""Структура предприятия"" (СтруктураПредприятия)",""
"passed","Wed May 14 12:57:24 MSK 2025","Wed May 14 12:57:32 MSK 2025","7880","","Казуальные дымовые тесты - Справочники - Запись","","","","Запись элемента справочника ""Транспортные средства"" (ТранспортныеСредства)",""
"passed","Wed May 14 12:56:45 MSK 2025","Wed May 14 12:56:52 MSK 2025","6863","","Казуальные дымовые тесты - Справочники - Запись","","","","Запись элемента справочника ""Правила распределения расходов"" (ПравилаРаспределенияРасходов)",""
"failed","Wed May 14 13:03:12 MSK 2025","Wed May 14 13:03:41 MSK 2025","29359","","Критические дымовые тесты - Справочники - Запись","","","","Запись элемента справочника ""Характеристики номенклатуры"" (ХарактеристикиНоменклатуры)",""
"passed","Wed May 14 12:51:09 MSK 2025","Wed May 14 12:51:17 MSK 2025","7790","","Казуальные дымовые тесты - Справочники - Запись","","","","Запись элемента справочника ""Графики оплаты"" (ГрафикиОплаты)",""
"passed","Wed May 14 10:59:41 MSK 2025","Wed May 14 10:59:52 MSK 2025","10398","","Критические дымовые тесты - Документы - Открытие, проведение, запись","","","","Запись элемента документа ""Детализация расчета DDP"" (ДетализацияРасчетаDDP)",""
"passed","Wed May 14 12:22:26 MSK 2025","Wed May 14 12:22:35 MSK 2025","8572","","Казуальные дымовые тесты - Справочники - Запись","","","","Запись элемента справочника ""Условия предоставления скидок (наценок)"" (УсловияПредоставленияСкидокНаценок)",""
"failed","Wed May 14 10:45:54 MSK 2025","Wed May 14 10:46:27 MSK 2025","32380","","Критические дымовые тесты - Документы - Открытие, проведение, запись","","","","Запись элемента документа ""Приходный ордер на товары"" (ПриходныйОрдерНаТовары)",""
"passed","Wed May 14 12:52:57 MSK 2025","Wed May 14 12:54:52 MSK 2025","114758","","Казуальные дымовые тесты - Справочники - Запись","","","","Запись элемента справочника ""Организации"" (Организации)",""
"failed","Wed May 14 12:02:40 MSK 2025","Wed May 14 12:02:52 MSK 2025","11840","","Казуальные дымовые тесты - Справочники - Запись","","","","Запись элемента справочника ""Предопределенные варианты отчетов"" (ПредопределенныеВариантыОтчетов)",""
"passed","Wed May 14 12:57:05 MSK 2025","Wed May 14 12:57:10 MSK 2025","4810","","Казуальные дымовые тесты - Справочники - Запись","","","","Запись элемента справочника ""Качество"" (Качество)",""
"passed","Wed May 14 12:12:27 MSK 2025","Wed May 14 12:12:32 MSK 2025","5234","","Казуальные дымовые тесты - Справочники - Запись","","","","Запись элемента группы справочника ""Марки (бренды)"" (Марки)",""
"failed","Wed May 14 10:54:51 MSK 2025","Wed May 14 10:55:06 MSK 2025","14479","","Критические дымовые тесты - Документы - Открытие, проведение, запись","","","","Запись элемента документа ""Возврат на FBO"" (ПеремещениеТоваровЗаказа)",""
"passed","Wed May 14 12:13:40 MSK 2025","Wed May 14 12:13:48 MSK 2025","7797","","Казуальные дымовые тесты - Справочники - Запись","","","","Запись элемента справочника ""Контейнеры заказов поставщику"" (КонтейнерыЗаказовПоставщику)",""
"passed","Wed May 14 13:04:43 MSK 2025","Wed May 14 13:04:44 MSK 2025","1416","","Критические дымовые тесты - Справочники - Запись","","","","Закрываем клиент тестирования",""
"passed","Wed May 14 10:18:19 MSK 2025","Wed May 14 10:18:28 MSK 2025","8740","","проверка формирования УПД","","","","Формирование УПД",""
"passed","Wed May 14 12:12:47 MSK 2025","Wed May 14 12:12:56 MSK 2025","8463","","Казуальные дымовые тесты - Справочники - Запись","","","","Запись элемента справочника ""Производители"" (Производители)",""
"passed","Wed May 14 12:14:09 MSK 2025","Wed May 14 12:14:19 MSK 2025","9790","","Казуальные дымовые тесты - Справочники - Запись","","","","Запись элемента справочника ""Договоры кредитов и депозитов"" (ДоговорыКредитовИДепозитов)",""
"passed","Wed May 14 13:00:49 MSK 2025","Wed May 14 13:00:57 MSK 2025","7699","","Критические дымовые тесты - Справочники - Запись","","","","Запись элемента справочника ""Ключи аналитики учета номенклатуры"" (КлючиАналитикиУчетаНоменклатуры)",""
"passed","Wed May 14 12:55:44 MSK 2025","Wed May 14 12:56:03 MSK 2025","18788","","Казуальные дымовые тесты - Справочники - Запись","","","","Запись элемента группы справочника ""Направления деятельности"" (НаправленияДеятельности)",""
"passed","Wed May 14 12:21:43 MSK 2025","Wed May 14 12:21:55 MSK 2025","11820","","Казуальные дымовые тесты - Справочники - Запись","","","","Запись элемента справочника ""Виды цен (Колонки прайс-листа)"" (ВидыЦен)",""
"passed","Wed May 14 12:56:57 MSK 2025","Wed May 14 12:57:05 MSK 2025","7706","","Казуальные дымовые тесты - Справочники - Запись","","","","Запись элемента справочника ""Политики учета серий"" (ПолитикиУчетаСерий)",""
"failed","Wed May 14 10:44:35 MSK 2025","Wed May 14 10:44:51 MSK 2025","15307","","Критические дымовые тесты - Документы - Открытие, проведение, запись","","","","Запись элемента документа ""Поступление безналичных денежных средств"" (ПоступлениеБезналичныхДенежныхСредств)",""
"failed","Wed May 14 13:01:27 MSK 2025","Wed May 14 13:02:05 MSK 2025","37841","","Критические дымовые тесты - Справочники - Запись","","","","Запись элемента справочника ""Номенклатура"" (Номенклатура)",""
"failed","Wed May 14 10:56:31 MSK 2025","Wed May 14 10:56:46 MSK 2025","14724","","Критические дымовые тесты - Документы - Открытие, проведение, запись","","","","Запись элемента документа ""Поступление товаров на склад"" (ПоступлениеТоваровНаСклад)",""
"failed","Wed May 14 11:01:33 MSK 2025","Wed May 14 11:01:48 MSK 2025","14523","","Критические дымовые тесты - Документы - Открытие, проведение, запись","","","","Запись элемента документа ""Пересортица товаров"" (ПересортицаТоваров)",""
"passed","Wed May 14 12:03:02 MSK 2025","Wed May 14 12:03:15 MSK 2025","12611","","Казуальные дымовые тесты - Справочники - Запись","","","","Запись элемента справочника ""Карты лояльности"" (КартыЛояльности)",""
"passed","Wed May 14 10:37:19 MSK 2025","Wed May 14 10:37:30 MSK 2025","10461","","Казуальные дымовые тесты - Документы - Открытие, проведение, запись","","","","Запись элемента документа ""Инвентаризационная опись"" (ИнвентаризационнаяОпись)",""
"failed","Wed May 14 10:48:31 MSK 2025","Wed May 14 10:48:52 MSK 2025","21648","","Критические дымовые тесты - Документы - Открытие, проведение, запись","","","","Запись элемента документа ""Заказ на перемещение"" (ЗаказНаПеремещение)",""
"failed","Wed May 14 10:59:19 MSK 2025","Wed May 14 10:59:33 MSK 2025","14680","","Критические дымовые тесты - Документы - Открытие, проведение, запись","","","","Запись элемента документа ""Оприходование излишков товаров"" (ОприходованиеИзлишковТоваров)",""
"passed","Wed May 14 10:40:29 MSK 2025","Wed May 14 10:40:38 MSK 2025","8713","","Казуальные дымовые тесты - Документы - Открытие, проведение, запись","","","","Запись элемента документа ""Эмиссия промокодов"" (ЭмиссияПромокодов)",""
"passed","Wed May 14 12:24:04 MSK 2025","Wed May 14 12:24:09 MSK 2025","5077","","Казуальные дымовые тесты - Справочники - Запись","","","","Запись элемента группы справочника ""Пользователи терминалов сбора данных"" (ТСД_Пользователи)",""
"passed","Wed May 14 11:05:08 MSK 2025","Wed May 14 11:05:20 MSK 2025","11585","","Критические дымовые тесты - Документы - Открытие, проведение, запись","","","","Запись элемента документа ""Кэш регистрации серий"" (КэшРегистрацииСерий)",""
"passed","Wed May 14 12:50:34 MSK 2025","Wed May 14 12:50:48 MSK 2025","13600","","Казуальные дымовые тесты - Справочники - Запись","","","","Запись элемента справочника ""Группы пользователей"" (ГруппыПользователей)",""
"failed","Wed May 14 10:28:10 MSK 2025","Wed May 14 10:28:24 MSK 2025","14428","","Казуальные дымовые тесты - Документы - Открытие, проведение, запись","","","","Запись элемента документа ""Распределение доходов по направлениям деятельности"" (РаспределениеДоходовПоНаправлениямДеятельности)",""
"failed","Wed May 14 11:01:03 MSK 2025","Wed May 14 11:01:23 MSK 2025","19475","","Критические дымовые тесты - Документы - Открытие, проведение, запись","","","","Запись элемента документа ""Чек ККМ на возврат"" (ЧекККМВозврат)",""
"passed","Wed May 14 10:29:07 MSK 2025","Wed May 14 10:29:33 MSK 2025","25798","","Казуальные дымовые тесты - Документы - Открытие, проведение, запись","","","","Запись элемента документа ""Операция (управленческий)"" (бит_ОперацияУправленческий)",""
"passed","Wed May 14 10:20:55 MSK 2025","Wed May 14 10:21:30 MSK 2025","34605","","Казуальные дымовые тесты - Документы - Открытие, проведение, запись","","","","Запись элемента документа ""Чек ККМ"" (ЧекККМ)",""
"passed","Wed May 14 10:47:39 MSK 2025","Wed May 14 10:48:21 MSK 2025","41474","","Критические дымовые тесты - Документы - Открытие, проведение, запись","","","","Запись элемента документа ""Заявка на расходование денежных средств (БИТ)"" (бит_кзн_ЗаявкаНаРасходованиеСредств)",""
"passed","Wed May 14 11:16:16 MSK 2025","Wed May 14 11:16:27 MSK 2025","10686","","Казуальные дымовые тесты - Справочники - Запись","","","","Запись элемента группы справочника ""Складские ячейки"" (СкладскиеЯчейки)",""
"passed","Wed May 14 12:49:12 MSK 2025","Wed May 14 12:49:20 MSK 2025","7790","","Казуальные дымовые тесты - Справочники - Запись","","","","Запись элемента справочника ""Настройки РМК"" (НастройкиРМК)",""
"failed","Wed May 14 11:03:25 MSK 2025","Wed May 14 11:03:39 MSK 2025","14302","","Критические дымовые тесты - Документы - Открытие, проведение, запись","","","","Запись элемента документа ""Ордер на отражение излишков товаров"" (ОрдерНаОтражениеИзлишковТоваров)",""
"passed","Wed May 14 10:42:48 MSK 2025","Wed May 14 10:43:15 MSK 2025","26549","","Критические дымовые тесты - Документы - Открытие, проведение, запись","","","","Запись элемента документа ""Отражение факта ДДС"" (бит_ОтражениеФактаДДС)",""
"passed","Wed May 14 12:57:49 MSK 2025","Wed May 14 12:57:57 MSK 2025","7879","","Казуальные дымовые тесты - Справочники - Запись","","","","Запись элемента справочника ""Настройки подключения (АИСО)"" (аисо_НастройкиПодключения)",""
"failed","Wed May 14 10:57:37 MSK 2025","Wed May 14 10:57:52 MSK 2025","14294","","Критические дымовые тесты - Документы - Открытие, проведение, запись","","","","Запись элемента документа ""Корректировка назначения товаров"" (КорректировкаНазначенияТоваров)",""
"passed","Wed May 14 10:40:39 MSK 2025","Wed May 14 10:41:03 MSK 2025","24317","","Критические дымовые тесты - Документы - Открытие, проведение, запись","","","","Закрыть окно о копии базы",""
"passed","Wed May 14 10:44:01 MSK 2025","Wed May 14 10:44:14 MSK 2025","12239","","Критические дымовые тесты - Документы - Открытие, проведение, запись","","","","Запись элемента документа ""Отбор товаров"" (ТСД_ОтборТоваров)",""
"passed","Wed May 14 12:56:03 MSK 2025","Wed May 14 12:56:13 MSK 2025","9727","","Казуальные дымовые тесты - Справочники - Запись","","","","Запись элемента справочника ""Направления деятельности"" (НаправленияДеятельности)",""
"failed","Wed May 14 10:42:02 MSK 2025","Wed May 14 10:42:18 MSK 2025","16210","","Критические дымовые тесты - Документы - Открытие, проведение, запись","","","","Запись элемента документа ""Реализация товаров и услуг"" (РеализацияТоваровУслуг)",""
"passed","Wed May 14 13:02:15 MSK 2025","Wed May 14 13:02:23 MSK 2025","7562","","Критические дымовые тесты - Справочники - Запись","","","","Запись элемента справочника ""Штрихкоды упаковок и товаров"" (ШтрихкодыУпаковокТоваров)",""
"passed","Wed May 14 12:51:00 MSK 2025","Wed May 14 12:51:09 MSK 2025","8750","","Казуальные дымовые тесты - Справочники - Запись","","","","Запись элемента справочника ""Сегменты клиентов"" (СегментыПартнеров)",""
"passed","Wed May 14 11:16:35 MSK 2025","Wed May 14 12:00:35 MSK 2025","2639822","","Казуальные дымовые тесты - Справочники - Запись","","","","Запись элемента группы справочника ""Виды номенклатуры"" (ВидыНоменклатуры)",""
"passed","Wed May 14 12:56:38 MSK 2025","Wed May 14 12:56:45 MSK 2025","6784","","Казуальные дымовые тесты - Справочники - Запись","","","","Запись элемента справочника ""Типы маркетинговых акций"" (ТипыМаркетинговыхАкций)",""
"passed","Wed May 14 12:24:35 MSK 2025","Wed May 14 12:24:45 MSK 2025","9785","","Казуальные дымовые тесты - Справочники - Запись","","","","Запись элемента справочника ""Проекты"" (Проекты)",""
"passed","Wed May 14 12:48:53 MSK 2025","Wed May 14 12:49:04 MSK 2025","10735","","Казуальные дымовые тесты - Справочники - Запись","","","","Запись элемента справочника ""Кассы ККМ"" (КассыККМ)",""
"passed","Wed May 14 12:01:06 MSK 2025","Wed May 14 12:01:37 MSK 2025","30992","","Казуальные дымовые тесты - Справочники - Запись","","","","Запись элемента группы справочника ""Дополнительные значения аналитик и субконто"" (бит_ДополнительныеЗначенияАналитик)",""
"passed","Wed May 14 12:55:13 MSK 2025","Wed May 14 12:55:44 MSK 2025","30912","","Казуальные дымовые тесты - Справочники - Запись","","","","Запись элемента справочника ""Виды подарочных сертификатов"" (ВидыПодарочныхСертификатов)",""
"passed","Wed May 14 10:58:50 MSK 2025","Wed May 14 10:59:19 MSK 2025","28402","","Критические дымовые тесты - Документы - Открытие, проведение, запись","","","","Запись элемента документа ""Маркетинговая акция"" (МаркетинговаяАкция)",""
"failed","Wed May 14 10:49:03 MSK 2025","Wed May 14 10:49:19 MSK 2025","15406","","Критические дымовые тесты - Документы - Открытие, проведение, запись","","","","Запись элемента документа ""Приходный кассовый ордер"" (ПриходныйКассовыйОрдер)",""
"passed","Wed May 14 10:17:49 MSK 2025","Wed May 14 10:17:50 MSK 2025","1629","","Заявка на расход ДС","","","","Закрываем клиент тестирования",""
"failed","Wed May 14 11:00:40 MSK 2025","Wed May 14 11:00:56 MSK 2025","15508","","Критические дымовые тесты - Документы - Открытие, проведение, запись","","","","Запись элемента документа ""Акт выполненных работ для клиента"" (АктВыполненныхРабот)",""
"failed","Wed May 14 10:20:11 MSK 2025","Wed May 14 10:20:25 MSK 2025","14377","","Казуальные дымовые тесты - Документы - Открытие, проведение, запись","","","","Запись элемента документа ""Взаимозачет задолженности"" (ВзаимозачетЗадолженности)",""
"failed","Wed May 14 10:24:41 MSK 2025","Wed May 14 10:24:55 MSK 2025","14195","","Казуальные дымовые тесты - Документы - Открытие, проведение, запись","","","","Запись элемента документа ""Перемещение по коробкам"" (ПеремещениеПоКоробкам)",""
"passed","Wed May 14 11:06:03 MSK 2025","Wed May 14 11:06:15 MSK 2025","11740","","Казуальные дымовые тесты - Справочники - Запись","","","","Запись элемента справочника ""Договоры с контрагентами"" (ДоговорыКонтрагентов)",""
"passed","Wed May 14 10:35:56 MSK 2025","Wed May 14 10:36:24 MSK 2025","27592","","Казуальные дымовые тесты - Документы - Открытие, проведение, запись","","","","Запись элемента документа ""Закрытие заказов"" (ЗакрытиеЗаказов_ФА)",""
"passed","Wed May 14 11:07:31 MSK 2025","Wed May 14 11:07:39 MSK 2025","7756","","Казуальные дымовые тесты - Справочники - Запись","","","","Запись элемента группы справочника ""Дополнительные значения"" (ЗначенияСвойствОбъектов)",""
"failed","Wed May 14 10:44:14 MSK 2025","Wed May 14 10:44:28 MSK 2025","13880","","Критические дымовые тесты - Документы - Открытие, проведение, запись","","","","Запись элемента документа ""Отгрузка товаров"" (ТСД_ОтгрузкаТоваров)",""
"passed","Wed May 14 12:56:52 MSK 2025","Wed May 14 12:56:57 MSK 2025","4789","","Казуальные дымовые тесты - Справочники - Запись","","","","Запись элемента справочника ""Виды работ"" (ВидыРабот)",""
"passed","Wed May 14 12:57:40 MSK 2025","Wed May 14 12:57:49 MSK 2025","8783","","Казуальные дымовые тесты - Справочники - Запись","","","","Запись элемента справочника ""Производственные календари"" (ПроизводственныеКалендари)",""
"failed","Wed May 14 10:33:40 MSK 2025","Wed May 14 10:33:52 MSK 2025","11549","","Казуальные дымовые тесты - Документы - Открытие, проведение, запись","","","","Запись элемента документа ""Входящий электронный документ"" (ЭлектронныйДокументВходящийЭДО)",""
"passed","Wed May 14 10:17:00 MSK 2025","Wed May 14 10:17:13 MSK 2025","12995","","Заявка на расход ДС","","","","сброс пароля пользователя",""
"failed","Wed May 14 10:53:39 MSK 2025","Wed May 14 10:53:54 MSK 2025","14396","","Критические дымовые тесты - Документы - Открытие, проведение, запись","","","","Запись элемента документа ""Счет-фактура выданный комиссионеру (агенту)"" (СчетФактураКомиссионеру)",""
"passed","Wed May 14 12:24:18 MSK 2025","Wed May 14 12:24:26 MSK 2025","7850","","Казуальные дымовые тесты - Справочники - Запись","","","","Запись элемента справочника ""Правила уценки товаров"" (ПравилаУценкиТоваров)",""
"passed","Wed May 14 12:49:54 MSK 2025","Wed May 14 12:50:05 MSK 2025","10832","","Казуальные дымовые тесты - Справочники - Запись","","","","Запись элемента справочника ""Кассы"" (Кассы)",""
"passed","Wed May 14 10:05:58 MSK 2025","Wed May 14 10:06:39 MSK 2025","41002","","Заказ клиента на 10 позиций","","","","сброс пароля пользователя",""
"failed","Wed May 14 10:51:52 MSK 2025","Wed May 14 10:52:08 MSK 2025","15606","","Критические дымовые тесты - Документы - Открытие, проведение, запись","","","","Запись элемента документа ""Отчет о розничных продажах"" (ОтчетОРозничныхПродажах)",""
"passed","Wed May 14 10:06:39 MSK 2025","Wed May 14 10:06:52 MSK 2025","12047","","Заказ клиента на 10 позиций","","","","Закрыть окно о копии базы",""
"failed","Wed May 14 10:18:54 MSK 2025","Wed May 14 10:19:08 MSK 2025","13931","","Казуальные дымовые тесты - Документы - Открытие, проведение, запись","","","","Запись элемента документа ""Электронное письмо исходящее"" (ЭлектронноеПисьмоИсходящее)",""
"passed","Wed May 14 12:08:35 MSK 2025","Wed May 14 12:08:44 MSK 2025","8757","","Казуальные дымовые тесты - Справочники - Запись","","","","Запись элемента справочника ""Сегменты номенклатуры"" (СегментыНоменклатуры)",""
"passed","Wed May 14 13:03:48 MSK 2025","Wed May 14 13:03:56 MSK 2025","7205","","Критические дымовые тесты - Справочники - Запись","","","","Запись элемента справочника ""Номера ГТД"" (НомераГТД)",""
"passed","Wed May 14 11:07:11 MSK 2025","Wed May 14 11:07:24 MSK 2025","12261","","Казуальные дымовые тесты - Справочники - Запись","","","","Запись элемента группы справочника ""Справочник БИК"" (КлассификаторБанков)",""
"passed","Wed May 14 10:06:52 MSK 2025","Wed May 14 10:11:28 MSK 2025","276309","","Заказ клиента на 10 позиций","","","","Заказ клиента на 10 позиций",""
"passed","Wed May 14 12:56:30 MSK 2025","Wed May 14 12:56:38 MSK 2025","7904","","Казуальные дымовые тесты - Справочники - Запись","","","","Запись элемента справочника ""Типоразмеры упаковок"" (ТипоразмерыУпаковок)",""
"failed","Wed May 14 10:37:30 MSK 2025","Wed May 14 10:37:44 MSK 2025","14657","","Казуальные дымовые тесты - Документы - Открытие, проведение, запись","","","","Запись элемента документа ""Возврат товаров поставщику"" (ВозвратТоваровПоставщику)",""
"passed","Wed May 14 10:05:57 MSK 2025","Wed May 14 10:05:58 MSK 2025","1407","","Заказ клиента на 10 позиций","","","","выключение уведомлений",""
"passed","Wed May 14 12:57:57 MSK 2025","Wed May 14 12:58:05 MSK 2025","7801","","Казуальные дымовые тесты - Справочники - Запись","","","","Запись элемента справочника ""Валюты"" (Валюты)",""
"failed","Wed May 14 12:23:41 MSK 2025","Wed May 14 12:23:54 MSK 2025","12905","","Казуальные дымовые тесты - Справочники - Запись","","","","Запись элемента справочника ""Предопределенные варианты отчетов расширений"" (ПредопределенныеВариантыОтчетовРасширений)",""
"passed","Wed May 14 10:31:08 MSK 2025","Wed May 14 10:31:16 MSK 2025","7769","","Казуальные дымовые тесты - Документы - Открытие, проведение, запись","","","","Запись элемента документа ""Сообщение SMS"" (СообщениеSMS)",""
"passed","Wed May 14 12:09:15 MSK 2025","Wed May 14 12:10:41 MSK 2025","85686","","Казуальные дымовые тесты - Справочники - Запись","","","","Запись элемента группы справочника ""Профили групп доступа"" (ПрофилиГруппДоступа)",""
"failed","Wed May 14 12:14:55 MSK 2025","Wed May 14 12:15:11 MSK 2025","16270","","Казуальные дымовые тесты - Справочники - Запись","","","","Запись элемента группы справочника ""Статьи движения денежных средств"" (СтатьиДвиженияДенежныхСредств)",""
"passed","Wed May 14 11:05:20 MSK 2025","Wed May 14 11:05:21 MSK 2025","1202","","Критические дымовые тесты - Документы - Открытие, проведение, запись","","","","Закрываем клиент тестирования",""
"failed","Wed May 14 11:04:37 MSK 2025","Wed May 14 11:04:58 MSK 2025","20573","","Критические дымовые тесты - Документы - Открытие, проведение, запись","","","","Запись элемента документа ""Заказ на сборку (разборку)"" (ЗаказНаСборку)",""
"passed","Wed May 14 10:51:17 MSK 2025","Wed May 14 10:51:52 MSK 2025","35118","","Критические дымовые тесты - Документы - Открытие, проведение, запись","","","","Запись элемента документа ""Кассовая смена"" (КассоваяСмена)",""
"passed","Wed May 14 12:22:43 MSK 2025","Wed May 14 12:22:50 MSK 2025","6879","","Казуальные дымовые тесты - Справочники - Запись","","","","Запись элемента справочника ""Цвета базовые"" (Цвета)",""
"failed","Wed May 14 10:55:58 MSK 2025","Wed May 14 10:56:14 MSK 2025","15503","","Критические дымовые тесты - Документы - Открытие, проведение, запись","","","","Запись элемента документа ""Таможенная декларация на импорт"" (ТаможеннаяДекларацияИмпорт)",""
"passed","Wed May 14 11:08:42 MSK 2025","Wed May 14 11:16:16 MSK 2025","453715","","Казуальные дымовые тесты - Справочники - Запись","","","","Запись элемента группы справочника ""Скидки (наценки)"" (СкидкиНаценки)",""
"passed","Wed May 14 13:00:41 MSK 2025","Wed May 14 13:00:49 MSK 2025","7468","","Критические дымовые тесты - Справочники - Запись","","","","Запись элемента справочника ""Города служб доставки (api-ship)"" (шип_ГородаСлужбДоставки)",""
"passed","Wed May 14 11:07:39 MSK 2025","Wed May 14 11:07:47 MSK 2025","7878","","Казуальные дымовые тесты - Справочники - Запись","","","","Запись элемента справочника ""Дополнительные значения"" (ЗначенияСвойствОбъектов)",""
"passed","Wed May 14 12:56:21 MSK 2025","Wed May 14 12:56:30 MSK 2025","8822","","Казуальные дымовые тесты - Справочники - Запись","","","","Запись элемента справочника ""Договоры эквайринга"" (ДоговорыЭквайринга)",""
"passed","Wed May 14 11:06:42 MSK 2025","Wed May 14 11:06:50 MSK 2025","7771","","Казуальные дымовые тесты - Справочники - Запись","","","","Запись элемента справочника ""Ключи аналитики учета партий"" (КлючиАналитикиУчетаПартий)",""
"passed","Wed May 14 12:11:19 MSK 2025","Wed May 14 12:11:31 MSK 2025","11774","","Казуальные дымовые тесты - Справочники - Запись","","","","Запись элемента справочника ""Группы доступа"" (ГруппыДоступа)",""
"failed","Wed May 14 10:36:35 MSK 2025","Wed May 14 10:36:49 MSK 2025","14208","","Казуальные дымовые тесты - Документы - Открытие, проведение, запись","","","","Запись элемента документа ""Реализация подарочных сертификатов"" (РеализацияПодарочныхСертификатов)",""
"passed","Wed May 14 10:11:31 MSK 2025","Wed May 14 10:11:51 MSK 2025","20478","","Создание Заказа клиента и сборки","","","","сброс пароля пользователя",""
"failed","Wed May 14 10:24:18 MSK 2025","Wed May 14 10:24:33 MSK 2025","15371","","Казуальные дымовые тесты - Документы - Открытие, проведение, запись","","","","Запись элемента документа ""Авансовый отчет"" (АвансовыйОтчет)",""
"failed","Wed May 14 10:29:33 MSK 2025","Wed May 14 10:29:57 MSK 2025","24571","","Казуальные дымовые тесты - Документы - Открытие, проведение, запись","","","","Запись элемента документа ""Расчет DDP"" (РасчетDDP)",""
"failed","Wed May 14 10:25:57 MSK 2025","Wed May 14 10:26:11 MSK 2025","14641","","Казуальные дымовые тесты - Документы - Открытие, проведение, запись","","","","Запись элемента документа ""Списание недостач товаров"" (СписаниеНедостачТоваров)",""
"failed","Wed May 14 10:43:15 MSK 2025","Wed May 14 10:43:31 MSK 2025","15563","","Критические дымовые тесты - Документы - Открытие, проведение, запись","","","","Запись элемента документа ""Заказ клиента (сервиса)"" (CG_Online_ЗаказКлиентаСервиса)",""
"passed","Wed May 14 11:05:54 MSK 2025","Wed May 14 11:06:03 MSK 2025","8875","","Казуальные дымовые тесты - Справочники - Запись","","","","Запись элемента справочника ""Упаковки и единицы измерения"" (УпаковкиЕдиницыИзмерения)",""
"passed","Wed May 14 10:25:49 MSK 2025","Wed May 14 10:25:57 MSK 2025","7677","","Казуальные дымовые тесты - Документы - Открытие, проведение, запись","","","","Запись элемента документа ""Финансы маркетплейсов за сутки"" (ФинансыМаркетплейсовЗаСутки)",""
"passed","Wed May 14 12:54:52 MSK 2025","Wed May 14 12:55:05 MSK 2025","12826","","Казуальные дымовые тесты - Справочники - Запись","","","","Запись элемента группы справочника ""Зоны доставки"" (ЗоныДоставки)",""
"passed","Wed May 14 10:17:13 MSK 2025","Wed May 14 10:17:24 MSK 2025","11181","","Заявка на расход ДС","","","","Настройка лицензий БИТ",""
"passed","Wed May 14 12:49:34 MSK 2025","Wed May 14 12:49:39 MSK 2025","4854","","Казуальные дымовые тесты - Справочники - Запись","","","","Запись элемента справочника ""Причины уценки оборудования"" (ПричиныУценкиОборудования)",""
"failed","Wed May 14 11:07:47 MSK 2025","Wed May 14 11:08:06 MSK 2025","18685","","Казуальные дымовые тесты - Справочники - Запись","","","","Запись элемента группы справочника ""Наборы дополнительных реквизитов и сведений"" (НаборыДополнительныхРеквизитовИСведений)",""
"passed","Wed May 14 10:16:13 MSK 2025","Wed May 14 10:16:57 MSK 2025","43827","","Создание Заказа клиента и сборки","","","","Работа с ТСД",""
"failed","Wed May 14 10:41:04 MSK 2025","Wed May 14 10:41:33 MSK 2025","28786","","Критические дымовые тесты - Документы - Открытие, проведение, запись","","","","Запись элемента документа ""Заказ клиента"" (ЗаказКлиента)",""
"failed","Wed May 14 10:20:33 MSK 2025","Wed May 14 10:20:47 MSK 2025","14350","","Казуальные дымовые тесты - Документы - Открытие, проведение, запись","","","","Запись элемента документа ""Счет-фактура полученный"" (СчетФактураПолученный)",""
"passed","Wed May 14 11:16:27 MSK 2025","Wed May 14 11:16:35 MSK 2025","7726","","Казуальные дымовые тесты - Справочники - Запись","","","","Запись элемента справочника ""Складские ячейки"" (СкладскиеЯчейки)",""
"passed","Wed May 14 10:55:13 MSK 2025","Wed May 14 10:55:36 MSK 2025","22365","","Критические дымовые тесты - Документы - Открытие, проведение, запись","","","","Запись элемента документа ""Коммерческое предложение клиенту"" (КоммерческоеПредложениеКлиенту)",""
"passed","Wed May 14 10:23:45 MSK 2025","Wed May 14 10:23:57 MSK 2025","11397","","Казуальные дымовые тесты - Документы - Открытие, проведение, запись","","","","Запись элемента документа ""Вывод из оборота ИС МП"" (ВыводИзОборотаИСМП)",""
"passed","Wed May 14 10:39:13 MSK 2025","Wed May 14 10:39:25 MSK 2025","11530","","Казуальные дымовые тесты - Документы - Открытие, проведение, запись","","","","Запись элемента документа ""Начисления и выплаты сборщикам товаров"" (НачисленияИВыплатыСборщикамТоваров)",""
"failed","Wed May 14 10:32:19 MSK 2025","Wed May 14 10:32:33 MSK 2025","14381","","Казуальные дымовые тесты - Документы - Открытие, проведение, запись","","","","Запись элемента документа ""Начисления по кредитам и депозитам"" (НачисленияКредитовИДепозитов)",""
"passed","Wed May 14 12:14:00 MSK 2025","Wed May 14 12:14:09 MSK 2025","8727","","Казуальные дымовые тесты - Справочники - Запись","","","","Запись элемента справочника ""Товарные категории"" (ТоварныеКатегории)",""
"passed","Wed May 14 12:02:24 MSK 2025","Wed May 14 12:02:32 MSK 2025","7873","","Казуальные дымовые тесты - Справочники - Запись","","","","Запись элемента справочника ""Основная бизнес-классификация"" (ИерархияБизнеса)",""
"passed","Wed May 14 10:12:04 MSK 2025","Wed May 14 10:16:04 MSK 2025","240853","","Создание Заказа клиента и сборки","","","","Создание Заказа клиента и сборки",""
"failed","Wed May 14 10:27:23 MSK 2025","Wed May 14 10:27:41 MSK 2025","18745","","Казуальные дымовые тесты - Документы - Открытие, проведение, запись","","","","Запись элемента документа ""Сводная справка НДС"" (СводнаяСправкаНДС)",""
